"Datasets","Samples","Group","ExpressedGenes","ShannonDiversity"
"IBD.PRJNA400072_MG","SRR6468641","Healthy",441,5.15961918477057
"IBD.PRJNA400072_MG","SRR6468642","Healthy",274,4.82507485764023
"IBD.PRJNA400072_MG","SRR6468643","Healthy",299,4.71552402488687
"IBD.PRJNA400072_MG","SRR6468644","Healthy",488,5.12399724036337
"IBD.PRJNA400072_MG","SRR6468503","Healthy",413,4.90408102268648
"IBD.PRJNA400072_MG","SRR6468646","Healthy",402,4.604152740048
"IBD.PRJNA400072_MG","SRR6468647","Healthy",447,5.09607701551055
"IBD.PRJNA400072_MG","SRR6468648","Healthy",484,4.79453930977179
"IBD.PRJNA400072_MG","SRR6468649","Healthy",359,4.81909536466658
"IBD.PRJNA400072_MG","SRR6468650","Healthy",473,4.74913525200465
"IBD.PRJNA400072_MG","SRR6468545","Healthy",332,3.96234056785547
"IBD.PRJNA400072_MG","SRR6468546","Healthy",328,4.5937037152055
"IBD.PRJNA400072_MG","SRR6468547","Healthy",348,4.72629163336596
"IBD.PRJNA400072_MG","SRR6468548","Healthy",242,4.58065507379835
"IBD.PRJNA400072_MG","SRR6468541","Healthy",413,4.76442887472395
"IBD.PRJNA400072_MG","SRR6468542","Healthy",429,5.00503670220709
"IBD.PRJNA400072_MG","SRR6468543","Healthy",438,4.72975741272948
"IBD.PRJNA400072_MG","SRR6468544","Healthy",320,4.63954801944414
"IBD.PRJNA400072_MG","SRR6468549","Healthy",321,4.18096307230116
"IBD.PRJNA400072_MG","SRR6468550","Healthy",382,4.62850733187192
"IBD.PRJNA400072_MG","SRR6468578","Healthy",445,4.79078966485407
"IBD.PRJNA400072_MG","SRR6468577","Healthy",477,4.84342925265453
"IBD.PRJNA400072_MG","SRR6468600","UC",323,4.30817736069047
"IBD.PRJNA400072_MG","SRR6468605","UC",474,4.94197460182084
"IBD.PRJNA400072_MG","SRR6468604","Healthy",419,4.87885791800991
"IBD.PRJNA400072_MG","SRR6468632","UC",230,4.44268514397052
"IBD.PRJNA400072_MG","SRR6468631","UC",403,4.57957404570558
"IBD.PRJNA400072_MG","SRR6468628","Healthy",402,5.01560501938989
"IBD.PRJNA400072_MG","SRR6468627","UC",463,5.01429739461382
"IBD.PRJNA400072_MG","SRR6468626","Healthy",421,4.92585427685246
"IBD.PRJNA400072_MG","SRR6468625","Healthy",354,4.83322407332413
"IBD.PRJNA400072_MG","SRR6468680","Healthy",336,4.7159922211514
"IBD.PRJNA400072_MG","SRR6468674","Healthy",358,4.02247436186876
"IBD.PRJNA400072_MG","SRR6468597","Healthy",393,4.94744709281774
"IBD.PRJNA400072_MG","SRR6468598","Healthy",314,4.32462883796044
"IBD.PRJNA400072_MG","SRR6468656","Healthy",334,4.57838500039011
"IBD.PRJNA400072_MG","SRR6468657","Healthy",479,5.08904119227235
"IBD.PRJNA400072_MG","SRR6468658","UC",530,4.81835767477181
"IBD.PRJNA400072_MG","SRR6468659","Healthy",390,4.29573487057163
"IBD.PRJNA400072_MG","SRR6468660","Healthy",346,4.82977190318424
"IBD.PRJNA400072_MG","SRR6468621","Healthy",417,4.62410930520818
"IBD.PRJNA400072_MG","SRR6468622","Healthy",385,4.87447424776786
"IBD.PRJNA400072_MG","SRR6468679","Healthy",424,4.98639137934449
"IBD.PRJNA400072_MG","SRR6468678","Healthy",480,4.94242545239852
"IBD.PRJNA400072_MG","SRR6468681","Healthy",354,4.3622801957636
"IBD.PRJNA400072_MG","SRR6468528","Healthy",489,5.05642799976205
"IBD.PRJNA400072_MG","SRR6468673","Healthy",557,4.95337756605582
"IBD.PRJNA400072_MG","SRR6468698","UC",296,4.91821874348227
"IBD.PRJNA400072_MG","SRR6468699","UC",284,4.64067368666023
"IBD.PRJNA400072_MG","SRR6468696","UC",183,3.9854797718913
"IBD.PRJNA400072_MG","SRR6468697","UC",377,4.64824975727066
"IBD.PRJNA400072_MG","SRR6468695","Healthy",352,4.23896480706354
"IBD.PRJNA400072_MG","SRR6468693","UC",302,4.39117778083945
"IBD.PRJNA400072_MG","SRR6468523","Healthy",515,4.75784494659358
"IBD.PRJNA400072_MG","SRR6468522","Healthy",518,4.80687674363098
"IBD.PRJNA400072_MG","SRR6468524","UC",379,4.7146834458313
"IBD.PRJNA400072_MG","SRR6468530","UC",376,4.83052879572367
"IBD.PRJNA400072_MG","SRR6468529","UC",417,4.89150227248278
"IBD.PRJNA400072_MG","SRR6468564","UC",284,4.50619079277278
"IBD.PRJNA400072_MG","SRR6468624","UC",218,3.47397084437854
"IBD.PRJNA400072_MG","SRR6468562","UC",16,2.7135785408057
"IBD.PRJNA400072_MG","SRR6468589","UC",53,3.66879571314811
"IBD.PRJNA400072_MG","SRR6468588","UC",440,5.02639316486782
"IBD.PRJNA400072_MG","SRR6468587","UC",222,3.85410075727201
"IBD.PRJNA400072_MG","SRR6468594","UC",408,4.87857996872634
"IBD.PRJNA400072_MG","SRR6468593","UC",262,3.99928410615711
"IBD.PRJNA400072_MG","SRR6468567","Healthy",388,4.36291610130566
"IBD.PRJNA400072_MG","SRR6468570","UC",180,4.73640880856783
"IBD.PRJNA400072_MG","SRR6468576","UC",429,4.93965496929733
"IBD.PRJNA400072_MG","SRR6468637","UC",215,4.44236402020106
"IBD.PRJNA400072_MG","SRR6468639","Healthy",367,4.37417225605242
"IBD.PRJNA400072_MG","SRR6468634","UC",397,5.01568231727913
"IBD.PRJNA400072_MG","SRR6468633","UC",339,4.79682596238287
"IBD.PRJNA400072_MG","SRR6468636","UC",605,4.97399799337891
"IBD.PRJNA400072_MG","SRR6468635","UC",491,4.75924542745544
"IBD.PRJNA400072_MG","SRR6468630","UC",537,5.01353583636768
"IBD.PRJNA400072_MG","SRR6468617","Healthy",676,5.25629416109545
"IBD.PRJNA400072_MG","SRR6468615","Healthy",515,4.79375006448529
"IBD.PRJNA400072_MG","SRR6468616","Healthy",616,4.5233620473561
"IBD.PRJNA400072_MG","SRR6468613","Healthy",453,4.86384696459435
"IBD.PRJNA400072_MG","SRR6468614","Healthy",557,4.06064700199494
"IBD.PRJNA400072_MG","SRR6468611","UC",582,5.06136961674656
"IBD.PRJNA400072_MG","SRR6468689","Healthy",449,4.50859539883971
"IBD.PRJNA400072_MG","SRR6468688","UC",587,5.2460980647513
"IBD.PRJNA400072_MG","SRR6468687","Healthy",563,4.48982345852844
"IBD.PRJNA400072_MG","SRR6468686","Healthy",454,4.42999231737609
"IBD.PRJNA400072_MG","SRR6468684","UC",293,4.7270894411219
"IBD.PRJNA400072_MG","SRR6468691","UC",483,4.96446271647975
"IBD.PRJNA400072_MG","SRR6468690","UC",406,4.11680085108316
"IBD.PRJNA400072_MG","SRR6468663","UC",278,3.97770758254961
"IBD.PRJNA400072_MG","SRR6468664","UC",235,3.44232039295352
"IBD.PRJNA400072_MG","SRR6468667","UC",242,4.041013300679
"IBD.PRJNA400072_MG","SRR6468668","UC",383,4.69059684116906
"IBD.PRJNA400072_MG","SRR6468654","UC",387,3.96825538625715
"IBD.PRJNA400072_MG","SRR6468504","UC",220,4.68977000270383
"IBD.PRJNA400072_MG","SRR6468506","UC",346,4.93488492369662
"IBD.PRJNA400072_MG","SRR6468509","UC",259,4.26013603351582
"IBD.PRJNA400072_MG","SRR6468508","UC",342,4.46641021895449
"IBD.PRJNA400072_MG","SRR6468511","UC",302,4.42051663855095
"IBD.PRJNA400072_MG","SRR6468510","UC",427,5.00140211059401
"IBD.PRJNA400072_MG","SRR6468513","UC",243,4.55019013848119
"IBD.PRJNA400072_MG","SRR6468512","UC",360,4.9576123541455
"IBD.PRJNA400072_MG","SRR6468704","UC",270,4.63846811810989
"IBD.PRJNA400072_MG","SRR6468705","UC",237,4.16911196083616
"IBD.PRJNA400072_MG","SRR6468702","UC",352,4.74886787030452
"IBD.PRJNA400072_MG","SRR6468703","UC",200,4.10642295661401
"IBD.PRJNA400072_MG","SRR6468708","UC",320,4.11812873649486
"IBD.PRJNA400072_MG","SRR6468709","Healthy",375,4.35398249334334
"IBD.PRJNA400072_MG","SRR6468706","Healthy",335,4.82572231629128
"IBD.PRJNA400072_MG","SRR6468537","UC",361,4.96795341665926
"IBD.PRJNA400072_MG","SRR6468532","UC",290,4.77573809492714
"IBD.PRJNA400072_MG","SRR6468710","UC",313,4.63204822745917
"IBD.PRJNA400072_MG","SRR6468536","UC",436,5.09255268316626
"IBD.PRJNA400072_MG","SRR6468535","UC",259,4.5570659703661
"IBD.PRJNA400072_MG","SRR6468500","UC",327,4.7923276086147
"IBD.PRJNA400072_MG","SRR6468718","UC",411,4.71385028164609
"IBD.PRJNA400072_MG","SRR6468714","UC",436,5.0695727991747
"IBD.PRJNA400072_MG","SRR6468531","UC",305,4.57116993939677
"IBD.PRJNA400072_MG","SRR6468499","UC",494,5.01808246000549
"IBD.PRJNA400072_MG","SRR6468715","UC",407,4.95525947238649
"IBD.PRJNA400072_MG","SRR6468717","UC",261,4.74633214057308
"IBD.PRJNA400072_MG","SRR6468540","UC",280,4.56845124868975
"IBD.PRJNA400072_MG","SRR6468519","UC",483,4.87991774873589
"IBD.PRJNA400072_MG","SRR6468556","UC",276,4.44294561442503
"IBD.PRJNA400072_MG","SRR6468515","UC",385,4.55186739856121
"IBD.PRJNA400072_MG","SRR6468501","UC",238,3.59896866315691
"IBD.PRJNA400072_MG","SRR6468533","UC",342,4.69943349059167
"IBD.PRJNA400072_MG","SRR6468516","UC",333,4.94936022244049
"IBD.PRJNA400072_MG","SRR6468558","UC",301,4.58925958057803
"IBD.PRJNA400072_MG","SRR6468553","UC",208,4.14822754032661
"IBD.PRJNA400072_MG","SRR6468538","UC",397,4.94712166643485
"IBD.PRJNA400072_MG","SRR6468716","UC",221,4.00833078190785
"IBD.PRJNA759642_MG","SRR15702573","Healthy",123,4.29759974443391
"IBD.PRJNA759642_MG","SRR15702581","UC",68,3.45145787903791
"IBD.PRJNA759642_MG","SRR15702578","UC",114,3.77633727060662
"IBD.PRJNA759642_MG","SRR15702569","Healthy",134,4.27233541221716
"IBD.PRJNA759642_MG","SRR15702580","UC",0,0
"IBD.PRJNA759642_MG","SRR15702572","Healthy",64,3.38851287122668
"IBD.PRJNA759642_MG","SRR15702570","Healthy",141,4.45962072513639
"IBD.PRJNA759642_MG","SRR15702579","UC",122,4.22024829395553
"IBD.PRJNA759642_MG","SRR15702660","Healthy",224,4.57981261980802
"IBD.PRJNA759642_MG","SRR15702565","UC",78,3.03849261810952
"IBD.PRJNA759642_MG","SRR15702550","UC",203,4.3885686052726
"IBD.PRJNA759642_MG","SRR15702533","UC",63,2.40868110079618
"IBD.PRJNA759642_MG","SRR15702637","UC",147,4.3384038860644
"IBD.PRJNA759642_MG","SRR15702658","UC",155,4.24956282864825
"IBD.PRJNA759642_MG","SRR15702647","UC",152,4.24778058808763
"IBD.PRJNA759642_MG","SRR15702626","UC",110,3.92864942331152
"IBD.PRJNA759642_MG","SRR15702625","UC",160,4.09584212261854
"IBD.PRJNA759642_MG","SRR15702624","UC",79,3.7102398693944
"IBD.PRJNA759642_MG","SRR15702575","Healthy",219,4.4432344650615
"IBD.PRJNA759642_MG","SRR15702574","Healthy",194,4.19986781686527
"IBD.PRJNA759642_MG","SRR15702571","Healthy",218,4.43545781921958
"IBD.PRJNA759642_MG","SRR15702623","UC",58,3.48796658576614
"IBD.PRJNA759642_MG","SRR15702622","Healthy",247,4.40567681827604
"IBD.PRJNA759642_MG","SRR15702621","Healthy",222,4.29344655608546
"IBD.PRJNA759642_MG","SRR15702620","Healthy",188,4.34570820787077
"IBD.PRJNA759642_MG","SRR15702618","Healthy",216,4.02074173509826
"IBD.PRJNA759642_MG","SRR15702614","Healthy",184,4.12292556319352
"IBD.PRJNA759642_MG","SRR15702612","Healthy",188,4.43127321828762
"IBD.PRJNA759642_MG","SRR15702610","Healthy",227,4.63905848301846
"IBD.PRJNA759642_MG","SRR15702608","Healthy",183,3.84356405327553
"IBD.PRJNA759642_MG","SRR15702606","Healthy",205,3.59406944389239
"IBD.PRJNA759642_MG","SRR15702604","Healthy",220,3.79826730101787
"IBD.PRJNA759642_MG","SRR15702602","Healthy",169,3.93255033835925
"IBD.PRJNA759642_MG","SRR15702601","Healthy",194,3.93420197740541
"IBD.PRJNA759642_MG","SRR15702600","Healthy",228,3.37355859574968
"IBD.PRJNA759642_MG","SRR15702599","Healthy",233,3.85779874374763
"IBD.PRJNA759642_MG","SRR15702597","Healthy",131,2.78958241559483
"IBD.PRJNA759642_MG","SRR15702596","Healthy",220,3.90504609600117
"IBD.PRJNA759642_MG","SRR15702595","Healthy",189,4.32098592582732
"IBD.PRJNA759642_MG","SRR15702594","Healthy",209,4.28961957546683
"IBD.PRJNA759642_MG","SRR15702659","UC",151,4.6091621012742
"IBD.PRJNA759642_MG","SRR15702616","UC",194,4.39240061577551
"IBD.PRJNA759642_MG","SRR15702584","UC",56,3.60168259787911
"IBD.PRJNA759642_MG","SRR15702598","UC",212,3.8683476762523
"IBD.PRJNA759642_MG","SRR15702587","UC",91,3.79797011720469
"IBD.PRJNA759642_MG","SRR15702576","UC",61,3.38098266882457
"IBD.PRJNA759642_MG","SRR15702589","UC",152,4.03717316444501
"IBD.PRJNA759642_MG","SRR15702582","UC",3,1.09861228866811
"IBD.PRJNA759642_MG","SRR15702588","Healthy",281,4.52243613533288
"IBD.PRJNA759642_MG","SRR15702586","Healthy",278,4.7641815930118
"IBD.PRJNA759642_MG","SRR15702585","Healthy",237,4.46153161260447
"IBD.PRJNA759642_MG","SRR15702583","UC",128,3.92399054713707
"IBD.PRJNA759642_MG","SRR15702590","Healthy",250,4.46300507116166
"IBD.PRJNA759642_MG","SRR15702593","UC",192,4.28197612433861
"IBD.PRJNA759642_MG","SRR15702592","UC",263,4.5458792735177
"IBD.PRJNA759642_MG","SRR15702591","UC",275,4.57691231982613
"IBD.PRJNA759642_MG","SRR15702577","Healthy",193,4.37172395977847
"IBD.PRJNA398089_MG","SRR5947100","UC",237,4.42493425651877
"IBD.PRJNA398089_MG","SRR5936012","UC",239,4.60377838845032
"IBD.PRJNA398089_MG","SRR5936217","UC",253,4.49403309818297
"IBD.PRJNA398089_MG","SRR5946654","UC",206,4.35084234246404
"IBD.PRJNA398089_MG","SRR5935761","UC",220,4.34925702331729
"IBD.PRJNA398089_MG","SRR5935887","UC",235,4.67245107177418
"IBD.PRJNA398089_MG","SRR5935909","UC",273,4.7442374463026
"IBD.PRJNA398089_MG","SRR5936224","UC",215,4.31458230995137
"IBD.PRJNA398089_MG","SRR5935933","UC",199,4.17216076877605
"IBD.PRJNA398089_MG","SRR5935908","UC",184,4.1619576585302
"IBD.PRJNA398089_MG","SRR5936009","UC",202,4.16629088242124
"IBD.PRJNA398089_MG","SRR5936157","UC",219,4.22186385767944
"IBD.PRJNA398089_MG","SRR5935814","UC",198,4.48630207870618
"IBD.PRJNA398089_MG","SRR5962888","UC",215,4.5472117945692
"IBD.PRJNA398089_MG","SRR5936216","UC",216,4.2753438025523
"IBD.PRJNA398089_MG","SRR5936051","UC",232,4.51932114931462
"IBD.PRJNA398089_MG","SRR5962894","UC",203,4.40026644616768
"IBD.PRJNA398089_MG","SRR5936005","UC",224,4.40933121293717
"IBD.PRJNA398089_MG","SRR5935826","UC",160,3.96556757221892
"IBD.PRJNA398089_MG","SRR5936176","UC",201,4.19886306776989
"IBD.PRJNA398089_MG","SRR5946938","UC",186,4.14740224277203
"IBD.PRJNA398089_MG","SRR5946715","UC",152,4.16752834774525
"IBD.PRJNA398089_MG","SRR5935863","UC",199,4.06934881551336
"IBD.PRJNA398089_MG","SRR5936080","UC",193,4.07504402741987
"IBD.PRJNA398089_MG","SRR5935830","UC",213,4.17987051823932
"IBD.PRJNA398089_MG","SRR5947096","UC",280,4.636239995233
"IBD.PRJNA398089_MG","SRR5935999","UC",257,4.71352197612912
"IBD.PRJNA398089_MG","SRR5936162","UC",253,4.51424968111662
"IBD.PRJNA398089_MG","SRR5947088","UC",177,4.3385174731208
"IBD.PRJNA398089_MG","SRR5935742","UC",250,4.80775859268123
"IBD.PRJNA398089_MG","SRR5935979","UC",192,4.51539822861784
"IBD.PRJNA398089_MG","SRR5936178","UC",276,4.62093495204451
"IBD.PRJNA398089_MG","SRR5935919","UC",338,4.78944479652257
"IBD.PRJNA398089_MG","SRR5946759","UC",327,4.71131428891877
"IBD.PRJNA398089_MG","SRR5936158","UC",298,4.42675987729821
"IBD.PRJNA398089_MG","SRR5946823","UC",346,4.74817551447849
"IBD.PRJNA398089_MG","SRR5946663","UC",301,4.68472625194938
"IBD.PRJNA398089_MG","SRR5946872","UC",323,4.6309504634437
"IBD.PRJNA398089_MG","SRR5936185","UC",285,4.38022850343518
"IBD.PRJNA398089_MG","SRR5935859","UC",377,4.61023240420541
"IBD.PRJNA398089_MG","SRR5935942","UC",393,4.79879592591329
"IBD.PRJNA398089_MG","SRR5962886","UC",262,4.66732466030138
"IBD.PRJNA398089_MG","SRR5936234","UC",257,4.5662285670845
"IBD.PRJNA398089_MG","SRR5946875","UC",281,4.54609433755793
"IBD.PRJNA398089_MG","SRR5947006","UC",309,3.96599205660476
"IBD.PRJNA398089_MG","SRR5935796","UC",356,3.97410606333024
"IBD.PRJNA398089_MG","SRR5935748","UC",360,4.15447113812939
"IBD.PRJNA398089_MG","SRR5935962","UC",284,4.9413988353057
"IBD.PRJNA398089_MG","SRR5962889","UC",259,4.83105686556593
"IBD.PRJNA398089_MG","SRR5936111","UC",215,3.79599430895807
"IBD.PRJNA398089_MG","SRR5935865","UC",234,4.03711457181401
"IBD.PRJNA398089_MG","SRR5946799","UC",46,3.34929069579012
"IBD.PRJNA398089_MG","SRR5950762","UC",14,2.2793801628943
"IBD.PRJNA398089_MG","SRR5935767","UC",211,3.98954951708454
"IBD.PRJNA398089_MG","SRR5936190","UC",128,4.31727513119528
"IBD.PRJNA398089_MG","SRR5947103","UC",172,4.67063564760115
"IBD.PRJNA398089_MG","SRR5935959","UC",243,4.92174429525957
"IBD.PRJNA398089_MG","SRR5946657","UC",174,3.86543976481191
"IBD.PRJNA398089_MG","SRR5946873","UC",157,3.64017171068218
"IBD.PRJNA398089_MG","SRR5935792","UC",198,4.34493031852128
"IBD.PRJNA398089_MG","SRR5946943","UC",173,3.99842166847654
"IBD.PRJNA398089_MG","SRR5946716","UC",177,3.75061876626994
"IBD.PRJNA398089_MG","SRR5946674","UC",160,3.59619456298197
"IBD.PRJNA398089_MG","SRR5947102","UC",189,4.20638200034569
"IBD.PRJNA398089_MG","SRR5946685","UC",159,3.70386919981616
"IBD.PRJNA398089_MG","SRR5950683","UC",215,3.92546754397189
"IBD.PRJNA398089_MG","SRR5950669","UC",211,4.05104015132732
"IBD.PRJNA398089_MG","SRR5935931","UC",239,4.34954033865424
"IBD.PRJNA398089_MG","SRR5935974","UC",204,4.1169353776585
"IBD.PRJNA398089_MG","SRR5950484","UC",190,3.9669887850644
"IBD.PRJNA398089_MG","SRR5950504","UC",229,4.06676666590263
"IBD.PRJNA398089_MG","SRR5950771","UC",229,4.17300298271603
"IBD.PRJNA398089_MG","SRR5935904","UC",160,4.02656788168825
"IBD.PRJNA398089_MG","SRR5946754","UC",173,3.98466780286475
"IBD.PRJNA398089_MG","SRR5946627","UC",157,3.85553973503262
"IBD.PRJNA398089_MG","SRR5946881","UC",189,3.90962033536629
"IBD.PRJNA398089_MG","SRR5936030","UC",154,4.02977247519503
"IBD.PRJNA398089_MG","SRR5946749","UC",191,3.98885397159326
"IBD.PRJNA398089_MG","SRR5946907","UC",149,3.94610051839698
"IBD.PRJNA398089_MG","SRR5946762","Healthy",285,4.71973191581472
"IBD.PRJNA398089_MG","SRR5946993","Healthy",345,4.75026474238811
"IBD.PRJNA398089_MG","SRR5946645","Healthy",289,4.81375654895078
"IBD.PRJNA398089_MG","SRR5946780","Healthy",310,4.96068231973058
"IBD.PRJNA398089_MG","SRR5950642","Healthy",291,4.66033874624127
"IBD.PRJNA398089_MG","SRR5950673","Healthy",349,4.87466077298838
"IBD.PRJNA398089_MG","SRR5950507","Healthy",307,4.78347414533002
"IBD.PRJNA398089_MG","SRR5950791","Healthy",319,4.88599669634814
"IBD.PRJNA398089_MG","SRR5950503","Healthy",326,4.9842183202232
"IBD.PRJNA398089_MG","SRR5950530","Healthy",1,0
"IBD.PRJNA398089_MG","SRR5950605","Healthy",367,4.88305756980271
"IBD.PRJNA398089_MG","SRR5950648","Healthy",310,4.71743091190739
"IBD.PRJNA398089_MG","SRR5950752","Healthy",308,4.65851635952739
"IBD.PRJNA398089_MG","SRR5950490","Healthy",220,4.34951525738584
"IBD.PRJNA398089_MG","SRR5950543","Healthy",238,4.3751630178386
"IBD.PRJNA398089_MG","SRR5946740","Healthy",216,4.42938125846024
"IBD.PRJNA398089_MG","SRR5946660","Healthy",292,4.59651411024513
"IBD.PRJNA398089_MG","SRR5946868","Healthy",235,4.56592517117038
"IBD.PRJNA398089_MG","SRR5946989","Healthy",314,4.69001059473713
"IBD.PRJNA398089_MG","SRR5946946","Healthy",308,4.71715541717113
"IBD.PRJNA398089_MG","SRR5947026","UC",193,4.25199251912135
"IBD.PRJNA398089_MG","SRR5946980","UC",175,4.18638498560656
"IBD.PRJNA398089_MG","SRR5950756","UC",195,4.48459460494325
"IBD.PRJNA398089_MG","SRR5946702","UC",145,3.94922805024023
"IBD.PRJNA398089_MG","SRR5947055","UC",203,4.39916727086242
"IBD.PRJNA398089_MG","SRR5946680","UC",164,4.27809810236352
"IBD.PRJNA398089_MG","SRR5946852","UC",183,4.30725665941153
"IBD.PRJNA398089_MG","SRR5950679","UC",203,4.2829950490946
"IBD.PRJNA398089_MG","SRR5950585","UC",300,4.49598223654083
"IBD.PRJNA398089_MG","SRR5950618","UC",272,4.33678735772232
"IBD.PRJNA398089_MG","SRR5946836","UC",245,4.50521396648418
"IBD.PRJNA398089_MG","SRR5946843","UC",322,4.43412808046406
"IBD.PRJNA398089_MG","SRR5950789","UC",321,4.55886556897156
"IBD.PRJNA398089_MG","SRR5950551","UC",269,4.48363462005536
"IBD.PRJNA398089_MG","SRR5950637","UC",285,4.61714285534344
"IBD.PRJNA398089_MG","SRR5946688","UC",346,4.67772566911327
"IBD.PRJNA398089_MG","SRR5950770","UC",298,4.53474838234165
"IBD.PRJNA398089_MG","SRR5950609","UC",314,4.68309069757274
"IBD.PRJNA398089_MG","SRR5946978","UC",244,4.40183532965644
"IBD.PRJNA398089_MG","SRR5950580","UC",272,4.49057958370978
"IBD.PRJNA398089_MG","SRR5950788","UC",266,4.40847042411255
"IBD.PRJNA398089_MG","SRR5950744","UC",284,4.42730212061385
"IBD.PRJNA398089_MG","SRR5950536","UC",236,4.07976965020345
"IBD.PRJNA398089_MG","SRR5950523","UC",253,4.5482245821987
"IBD.PRJNA398089_MG","SRR5950794","UC",277,4.49858135223949
"IBD.PRJNA398089_MG","SRR5950772","UC",218,4.21761830604087
"IBD.PRJNA398089_MG","SRR5950568","UC",227,4.16806842684979
"IBD.PRJNA398089_MG","SRR5950643","UC",190,4.04374743588022
"IBD.PRJNA398089_MG","SRR5950662","UC",300,4.34184844716525
"IBD.PRJNA398089_MG","SRR5950514","UC",263,4.35331886148574
"IBD.PRJNA398089_MG","SRR5950591","UC",261,4.33575277738419
"IBD.PRJNA398089_MG","SRR5950555","UC",207,3.6501040024976
"IBD.PRJNA398089_MG","SRR5950710","UC",214,3.96291149052888
"IBD.PRJNA398089_MG","SRR5950650","UC",240,4.10247621268723
"IBD.PRJNA398089_MG","SRR5950694","UC",260,4.2503022001444
"IBD.PRJNA398089_MG","SRR5950623","UC",257,4.30232880569991
"IBD.PRJNA398089_MG","SRR5950619","UC",301,4.28689514575039
"IBD.PRJNA398089_MG","SRR5950780","UC",267,4.0434642735621
"IBD.PRJNA398089_MG","SRR5946918","UC",267,4.40306213873864
"IBD.PRJNA398089_MG","SRR5935758","UC",216,4.15020009776356
"IBD.PRJNA398089_MG","SRR5946884","UC",256,4.32636701845495
"IBD.PRJNA398089_MG","SRR5947091","UC",203,3.9443298236259
"IBD.PRJNA398089_MG","SRR5946656","UC",260,4.20747974871211
"IBD.PRJNA398089_MG","SRR5936113","UC",257,4.4149901847428
"IBD.PRJNA398089_MG","SRR5935857","UC",256,4.26082110131771
"IBD.PRJNA398089_MG","SRR5936083","UC",251,4.35117564580635
"IBD.PRJNA398089_MG","SRR5935965","Healthy",318,4.96365880645749
"IBD.PRJNA398089_MG","SRR5936031","Healthy",364,4.87341771597706
"IBD.PRJNA398089_MG","SRR5936104","Healthy",319,4.24947976975733
"IBD.PRJNA398089_MG","SRR5946937","Healthy",326,4.93566872737989
"IBD.PRJNA398089_MG","SRR5935768","Healthy",424,5.02561521433234
"IBD.PRJNA398089_MG","SRR5935966","Healthy",311,4.92298677556623
"IBD.PRJNA398089_MG","SRR5935769","Healthy",353,4.99214717285143
"IBD.PRJNA398089_MG","SRR5962883","Healthy",225,3.83316829540821
"IBD.PRJNA398089_MG","SRR5935958","Healthy",238,4.55173027637997
"IBD.PRJNA398089_MG","SRR5936213","Healthy",243,4.47046734014373
"IBD.PRJNA398089_MG","SRR5935893","Healthy",232,4.25260282024999
"IBD.PRJNA398089_MG","SRR5935788","Healthy",230,3.70694995182037
"IBD.PRJNA398089_MG","SRR5962896","Healthy",236,3.73947519492497
"IBD.PRJNA398089_MG","SRR5935915","Healthy",235,4.04052993561069
"IBD.PRJNA398089_MG","SRR5935815","UC",288,4.82527466624704
"IBD.PRJNA398089_MG","SRR5936211","UC",208,4.66006691814514
"IBD.PRJNA398089_MG","SRR5946613","UC",300,4.50636798961714
"IBD.PRJNA398089_MG","SRR5946793","UC",284,4.6008161741577
"IBD.PRJNA398089_MG","SRR5935883","UC",312,4.71446953427491
"IBD.PRJNA398089_MG","SRR5936142","UC",298,4.85498629616514
"IBD.PRJNA398089_MG","SRR5935969","UC",298,4.60631854477031
"IBD.PRJNA398089_MG","SRR5935940","UC",239,4.88165572688734
"IBD.PRJNA398089_MG","SRR5936039","UC",304,4.31523406805615
"IBD.PRJNA398089_MG","SRR5946954","Healthy",241,4.10878455609645
"IBD.PRJNA398089_MG","SRR5936043","Healthy",275,4.3518505174478
"IBD.PRJNA398089_MG","SRR5962893","Healthy",238,4.29119955395107
"IBD.PRJNA398089_MG","SRR5936130","Healthy",258,4.58269175439608
"IBD.PRJNA398089_MG","SRR5947004","Healthy",291,4.66990338440892
"IBD.PRJNA398089_MG","SRR5936065","Healthy",276,4.07940595211862
"IBD.PRJNA398089_MG","SRR5935770","Healthy",264,4.30693102946359
"IBD.PRJNA398089_MG","SRR5935764","Healthy",250,4.37426297186047
"IBD.PRJNA398089_MG","SRR5946974","Healthy",202,4.3318779096398
"IBD.PRJNA398089_MG","SRR5936000","Healthy",155,3.59193434933309
"IBD.PRJNA398089_MG","SRR5946874","Healthy",166,3.58409795967536
"IBD.PRJNA398089_MG","SRR5946988","Healthy",200,3.87717843671164
"IBD.PRJNA398089_MG","SRR5936141","Healthy",127,3.83810898837317
"IBD.PRJNA398089_MG","SRR5947101","Healthy",169,3.66097083082653
"IBD.PRJNA398089_MG","SRR5936192","Healthy",208,3.84622302807157
"IBD.PRJNA398089_MG","SRR5950646","Healthy",215,3.81707191697819
"IBD.PRJNA398089_MG","SRR5936173","Healthy",239,4.13095139659428
"IBD.PRJNA398089_MG","SRR5946920","Healthy",224,4.32479325023836
"IBD.PRJNA398089_MG","SRR5936010","Healthy",179,4.02556167343639
"IBD.PRJNA398089_MG","SRR5936041","Healthy",149,3.6956090550742
"IBD.PRJNA398089_MG","SRR5936228","Healthy",165,3.85621707239048
"IBD.PRJNA398089_MG","SRR5946611","Healthy",205,4.1511215650483
"IBD.PRJNA398089_MG","SRR5936127","Healthy",192,4.0962130526288
"IBD.PRJNA398089_MG","SRR5950719","Healthy",116,3.63159182776684
"IBD.PRJNA398089_MG","SRR5935991","Healthy",177,3.83197835306656
"IBD.PRJNA398089_MG","SRR5950638","Healthy",117,3.73015617115078
"IBD.PRJNA398089_MG","SRR5935973","Healthy",3,1.03972077083992
"IBD.PRJNA398089_MG","SRR5935851","Healthy",237,4.37089488554778
"IBD.PRJNA398089_MG","SRR5946916","Healthy",151,3.68727404193
"IBD.PRJNA398089_MG","SRR5935901","Healthy",196,3.80866616376907
"IBD.PRJNA398089_MG","SRR5936008","Healthy",144,3.67091731515122
"IBD.PRJNA398089_MG","SRR5946622","Healthy",145,3.77450544830342
"IBD.PRJNA398089_MG","SRR5936123","UC",410,4.46443756568949
"IBD.PRJNA398089_MG","SRR5935983","UC",401,4.12417193834203
"IBD.PRJNA398089_MG","SRR5935785","UC",411,4.14953971028453
"IBD.PRJNA398089_MG","SRR5947075","UC",307,4.9487438150112
"IBD.PRJNA398089_MG","SRR5947009","UC",309,4.19276309696307
"IBD.PRJNA398089_MG","SRR5946649","UC",393,4.82096988587599
"IBD.PRJNA398089_MG","SRR5936189","UC",399,4.94903707531396
"IBD.PRJNA398089_MG","SRR5936061","UC",32,3.26712317406542
"IBD.PRJNA398089_MG","SRR5936135","UC",413,5.08140407674929
"IBD.PRJNA398089_MG","SRR5950671","UC",331,4.92141972542177
"IBD.PRJNA398089_MG","SRR5936042","UC",297,4.83135941521761
"IBD.PRJNA398089_MG","SRR5950629","UC",319,4.6436966147901
"IBD.PRJNA398089_MG","SRR5936094","UC",379,4.79171033197382
"IBD.PRJNA398089_MG","SRR5936171","UC",385,4.87295375310694
"IBD.PRJNA398089_MG","SRR5936067","UC",438,4.03279160712415
"IBD.PRJNA398089_MG","SRR5936027","UC",419,5.0358758544395
"IBD.PRJNA398089_MG","SRR5935935","UC",338,4.90027730253312
"IBD.PRJNA398089_MG","SRR5947093","UC",0,0
"IBD.PRJNA398089_MG","SRR5936161","UC",130,3.4281817100722
"IBD.PRJNA398089_MG","SRR5946879","UC",265,3.38554512688238
"IBD.PRJNA398089_MG","SRR5947059","UC",340,4.36641947252314
"IBD.PRJNA398089_MG","SRR5947038","UC",289,4.35684121756358
"IBD.PRJNA398089_MG","SRR5946824","UC",299,4.42713956858749
"IBD.PRJNA398089_MG","SRR5946730","Healthy",310,4.78946591197895
"IBD.PRJNA398089_MG","SRR5947104","Healthy",303,4.79930904745738
"IBD.PRJNA398089_MG","SRR5935797","Healthy",297,4.71327812286352
"IBD.PRJNA398089_MG","SRR5946689","Healthy",299,4.90524947571336
"IBD.PRJNA398089_MG","SRR5947027","Healthy",288,4.90082004345431
"IBD.PRJNA398089_MG","SRR5936014","Healthy",310,4.76873928619044
"IBD.PRJNA398089_MG","SRR5947031","Healthy",294,4.94202864121108
"IBD.PRJNA398089_MG","SRR5946625","Healthy",308,4.91513548307076
"IBD.PRJNA398089_MG","SRR5935813","Healthy",328,4.74507815683067
"IBD.PRJNA398089_MG","SRR5936037","Healthy",307,4.86670625013228
"IBD.PRJNA398089_MG","SRR5946746","Healthy",290,4.82045687658938
"IBD.PRJNA398089_MG","SRR5935889","Healthy",313,4.88953850943265
"IBD.PRJNA398089_MG","SRR5947052","Healthy",292,4.81318121615823
"IBD.PRJNA398089_MG","SRR5946815","Healthy",404,5.08562207976503
"IBD.PRJNA398089_MG","SRR5946729","Healthy",281,3.87361586070568
"IBD.PRJNA398089_MG","SRR5946992","Healthy",325,4.22849691376957
"IBD.PRJNA398089_MG","SRR5946779","Healthy",340,4.74133734519167
"IBD.PRJNA398089_MG","SRR5936025","Healthy",307,4.54085427509066
"IBD.PRJNA398089_MG","SRR5950715","Healthy",305,3.99732282392374
"IBD.PRJNA398089_MG","SRR5950634","Healthy",334,4.82879120171699
"IBD.PRJNA398089_MG","SRR5950628","Healthy",330,4.51167195923817
"IBD.PRJNA398089_MG","SRR5950487","Healthy",350,4.87425734564622
"IBD.PRJNA398089_MG","SRR5936165","Healthy",326,3.94618165039735
"IBD.PRJNA398089_MG","SRR5936156","Healthy",268,4.48867751532027
"IBD.PRJNA398089_MG","SRR5950562","Healthy",308,4.46620982625628
"IBD.PRJNA398089_MG","SRR5950603","Healthy",420,4.99193117272527
"IBD.PRJNA398089_MG","SRR5935848","Healthy",434,5.054333729172
"IBD.PRJNA398089_MG","SRR5950753","Healthy",388,4.54168282421859
"IBD.PRJNA398089_MG","SRR5935816","Healthy",269,4.37562516932291
"IBD.PRJNA398089_MG","SRR5936033","Healthy",285,3.81814992826291
"IBD.PRJNA398089_MG","SRR5936229","Healthy",342,4.1785492971709
"IBD.PRJNA398089_MG","SRR5946696","Healthy",291,4.23608718006437
"IBD.PRJNA398089_MG","SRR5946870","Healthy",318,4.93229890813598
"IBD.PRJNA398089_MG","SRR5935798","Healthy",379,4.87545331005037
"IBD.PRJNA398089_MG","SRR5946947","Healthy",206,4.175178284793
"IBD.PRJNA398089_MG","SRR5946644","Healthy",212,4.28749654167512
"IBD.PRJNA398089_MG","SRR5950740","Healthy",241,4.43155179777256
"IBD.PRJNA398089_MG","SRR5950718","Healthy",206,4.06912671914966
"IBD.PRJNA398089_MG","SRR5935745","Healthy",216,4.34793764600165
"IBD.PRJNA398089_MG","SRR5950500","Healthy",208,4.40305236854908
"IBD.PRJNA398089_MG","SRR5950592","Healthy",212,4.50840886255215
"IBD.PRJNA398089_MG","SRR5950528","Healthy",252,4.44648694943546
"IBD.PRJNA398089_MG","SRR5962882","Healthy",214,4.03093294924947
"IBD.PRJNA398089_MG","SRR5936159","Healthy",235,4.44483073006212
"IBD.PRJNA398089_MG","SRR5950717","Healthy",233,4.45012900238931
"IBD.PRJNA398089_MG","SRR5935772","Healthy",231,4.36777617518794
"IBD.PRJNA398089_MG","SRR5950649","Healthy",207,4.27053486681832
"IBD.PRJNA398089_MG","SRR5950729","Healthy",251,4.43694064766911
"IBD.PRJNA398089_MG","SRR5946857","Healthy",245,4.53898265932226
"IBD.PRJNA398089_MG","SRR5947045","Healthy",224,4.26643249283578
"IBD.PRJNA398089_MG","SRR5946748","Healthy",239,4.2678535271219
"IBD.PRJNA398089_MG","SRR5936212","Healthy",261,4.26707468035405
"IBD.PRJNA398089_MG","SRR5936126","Healthy",251,4.25240037264557
"IBD.PRJNA398089_MG","SRR5947041","Healthy",227,4.25811122640016
"IBD.PRJNA398089_MG","SRR5946612","Healthy",223,4.24909851126119
"IBD.PRJNA398089_MG","SRR5946609","Healthy",235,4.34531890334863
"IBD.PRJNA398089_MG","SRR5935993","UC",254,4.4287010332418
"IBD.PRJNA398089_MG","SRR5950510","UC",245,4.68876938561118
"IBD.PRJNA398089_MG","SRR5936174","UC",227,4.56731243715544
"IBD.PRJNA398089_MG","SRR5946976","UC",286,4.81940028742133
"IBD.PRJNA398089_MG","SRR5946982","UC",199,4.58264619623048
"IBD.PRJNA398089_MG","SRR5947083","UC",149,4.37453682900718
"IBD.PRJNA398089_MG","SRR5936110","UC",248,4.36349828718192
"IBD.PRJNA398089_MG","SRR5935881","UC",321,4.83862959146032
"IBD.PRJNA398089_MG","SRR5946858","UC",233,4.5915532622599
"IBD.PRJNA398089_MG","SRR5950723","UC",251,4.64215765424177
"IBD.PRJNA398089_MG","SRR5935776","UC",198,4.48416954872851
"IBD.PRJNA398089_MG","SRR5936144","UC",207,4.39255324729693
"IBD.PRJNA398089_MG","SRR5935821","UC",47,3.65116745156831
"IBD.PRJNA398089_MG","SRR5950751","UC",85,4.03540827800943
"IBD.PRJNA398089_MG","SRR5946855","UC",153,4.48784803765698
"IBD.PRJNA398089_MG","SRR5947084","UC",109,4.22845531160748
"IBD.PRJNA398089_MG","SRR5946739","UC",296,4.59255929307193
"IBD.PRJNA398089_MG","SRR5950576","UC",237,4.46923443003742
"IBD.PRJNA398089_MG","SRR5947016","UC",264,4.28667614033638
"IBD.PRJNA398089_MG","SRR5946906","UC",288,4.57222210503556
"IBD.PRJNA398089_MG","SRR5936022","UC",212,4.29531134522297
"IBD.PRJNA398089_MG","SRR5950695","UC",170,4.35738503408805
"IBD.PRJNA398089_MG","SRR5947068","UC",139,4.37604991760169
"IBD.PRJNA398089_MG","SRR5946956","UC",126,4.14011551463397
"IBD.PRJNA398089_MG","SRR5950738","UC",79,3.98298862162477
"IBD.PRJNA398089_MG","SRR5946718","UC",121,4.37716107307396
"IBD.PRJNA398089_MG","SRR5936059","UC",211,4.23393026184567
"IBD.PRJNA398089_MG","SRR5935987","UC",201,4.14706484906108
"IBD.PRJNA398089_MG","SRR5935783","UC",170,4.12998273520103
"IBD.PRJNA398089_MG","SRR5935956","UC",148,4.25792509796053
"IBD.PRJNA398089_MG","SRR5935839","UC",126,4.19014462673524
"IBD.PRJNA398089_MG","SRR5935852","UC",193,4.45475529385908
"IBD.PRJNA398089_MG","SRR5936078","UC",83,3.94423441413988
"IBD.PRJNA398089_MG","SRR5946675","UC",356,4.58327387183884
"IBD.PRJNA398089_MG","SRR5950657","UC",294,4.11579735458485
"IBD.PRJNA398089_MG","SRR5950574","UC",389,4.95487376898564
"IBD.PRJNA398089_MG","SRR5950513","UC",258,4.35819296742303
"IBD.PRJNA398089_MG","SRR5935875","UC",259,4.08196686184223
"IBD.PRJNA398089_MG","SRR5946830","UC",327,4.82444183669028
"IBD.PRJNA398089_MG","SRR5946894","UC",267,4.02026853799211
"IBD.PRJNA398089_MG","SRR5935925","UC",398,4.91604000433985
"IBD.PRJNA398089_MG","SRR5946964","UC",394,5.00951702124544
"IBD.PRJNA398089_MG","SRR5946736","UC",297,4.81051998068504
"IBD.PRJNA398089_MG","SRR5950743","UC",222,4.76607601574837
"IBD.PRJNA398089_MG","SRR5946888","UC",328,4.15984926979106
"IBD.PRJNA398089_MG","SRR5946898","UC",341,4.55075530704242
"IBD.PRJNA398089_MG","SRR5950647","UC",19,2.71215661284962
"IBD.PRJNA398089_MG","SRR5946963","UC",220,3.70675292704807
"IBD.PRJNA398089_MG","SRR5947054","UC",22,2.80370742910402
"IBD.PRJNA398089_MG","SRR5946983","UC",3,1.03972077083992
"IBD.PRJNA398089_MG","SRR5946726","UC",220,4.33415150123368
"IBD.PRJNA398089_MG","SRR5962907","UC",256,4.47211857801324
"IBD.PRJNA398089_MG","SRR5946717","UC",264,4.55699151604366
"IBD.PRJNA398089_MG","SRR5950597","UC",170,4.18291690026802
"IBD.PRJNA398089_MG","SRR5950684","UC",273,4.32895131576899
"IBD.PRJNA398089_MG","SRR5946636","UC",263,4.35668707526454
"IBD.PRJNA398089_MG","SRR5946705","UC",291,4.36350151071758
"IBD.PRJNA398089_MG","SRR5962885","UC",248,4.27818068831458
"IBD.PRJNA398089_MG","SRR5946732","UC",300,4.67988759378088
"IBD.PRJNA398089_MG","SRR5946738","UC",259,4.20442905367946
"IBD.PRJNA398089_MG","SRR5946809","UC",315,4.63567047663539
"IBD.PRJNA398089_MG","SRR5947067","UC",187,4.4578059824832
"IBD.PRJNA398089_MG","SRR5950522","Healthy",391,4.98049389568297
"IBD.PRJNA398089_MG","SRR5946828","Healthy",274,3.72882127647929
"IBD.PRJNA398089_MG","SRR5950708","Healthy",383,4.84972936539219
"IBD.PRJNA398089_MG","SRR5946640","Healthy",370,5.21994360763583
"IBD.PRJNA398089_MG","SRR5950498","Healthy",346,4.75804044959271
"IBD.PRJNA398089_MG","SRR5946712","Healthy",372,5.12431576596533
"IBD.PRJNA398089_MG","SRR5946708","Healthy",391,5.12933879291183
"IBD.PRJNA398089_MG","SRR5946931","Healthy",332,4.01331373891228
"IBD.PRJNA398089_MG","SRR5947024","Healthy",292,4.15166976959972
"IBD.PRJNA398089_MG","SRR5950582","Healthy",301,4.78664827706651
"IBD.PRJNA398089_MG","SRR5950704","Healthy",360,4.99241017123428
"IBD.PRJNA398089_MG","SRR5946959","Healthy",328,4.09721995773302
"IBD.PRJNA398089_MG","SRR5936082","UC",158,3.66511909143422
"IBD.PRJNA398089_MG","SRR5935835","UC",130,4.19075961631118
"IBD.PRJNA398089_MG","SRR5935943","UC",159,4.0834077304532
"IBD.PRJNA398089_MG","SRR5936219","UC",146,3.72666911377091
"IBD.PRJNA398089_MG","SRR5936237","UC",131,3.83859396867523
"IBD.PRJNA398089_MG","SRR5935751","UC",285,3.90464285362684
"IBD.PRJNA398089_MG","SRR5935996","UC",204,3.67874952742912
"IBD.PRJNA398089_MG","SRR5936153","UC",142,3.60881488752652
"IBD.PRJNA398089_MG","SRR5936053","UC",171,3.866223325686
"IBD.PRJNA398089_MG","SRR5935787","UC",205,4.15264531714411
"IBD.PRJNA398089_MG","SRR5935856","UC",1,0
"IBD.PRJNA398089_MG","SRR5936182","UC",115,3.5868508962225
"IBD.PRJNA398089_MG","SRR5935817","Healthy",240,4.02124013337369
"IBD.PRJNA398089_MG","SRR5946751","Healthy",278,4.59510837723022
"IBD.PRJNA398089_MG","SRR5936052","Healthy",221,3.91739800443393
"IBD.PRJNA398089_MG","SRR5936112","Healthy",254,4.09500959901479
"IBD.PRJNA398089_MG","SRR5946788","Healthy",273,4.63305226914085
"IBD.PRJNA398089_MG","SRR5935876","Healthy",295,3.80463547230245
"IBD.PRJNA398089_MG","SRR5946851","Healthy",321,4.07681194085234
"IBD.PRJNA398089_MG","SRR5947000","Healthy",300,3.85482340880561
"IBD.PRJNA398089_MG","SRR5935976","Healthy",246,3.95938836092355
"IBD.PRJNA398089_MG","SRR5936084","Healthy",266,4.56888045296564
"IBD.PRJNA398089_MG","SRR5935916","Healthy",266,3.87483209964053
"IBD.PRJNA398089_MG","SRR5935749","Healthy",186,3.54849638787351
"IBD.PRJNA398089_MG","SRR5947097","Healthy",266,3.91467804260507
"IBD.PRJNA398089_MG","SRR5935995","Healthy",285,4.30064203522219
"IBD.PRJNA398089_MG","SRR5946652","Healthy",247,4.59344627403806
"IBD.PRJNA398089_MG","SRR5935985","Healthy",185,4.15489795126542
"IBD.PRJNA398089_MG","SRR5946846","Healthy",261,4.70115646457837
"IBD.PRJNA398089_MG","SRR5936081","Healthy",236,4.40138756643386
"IBD.PRJNA398089_MG","SRR5946772","Healthy",210,4.69144042501916
"IBD.PRJNA398089_MG","SRR5935795","Healthy",226,4.3927829794354
"IBD.PRJNA398089_MG","SRR5935827","Healthy",248,4.42894264469116
"IBD.PRJNA398089_MG","SRR5935850","Healthy",298,4.64140802163169
"IBD.PRJNA398089_MG","SRR5935912","Healthy",236,4.55285154330697
"IBD.PRJNA398089_MG","SRR5935784","Healthy",259,4.44441805914879
"IBD.PRJNA398089_MG","SRR5946911","Healthy",221,4.15522064107123
"IBD.PRJNA398089_MG","SRR5935812","Healthy",230,4.62880369886093
"IBD.PRJNA398089_MG","SRR5936035","Healthy",287,4.69165746817532
"IBD.PRJNA398089_MG","SRR5935810","Healthy",369,4.16162901373133
"IBD.PRJNA398089_MG","SRR5946876","Healthy",399,4.70156727775938
"IBD.PRJNA398089_MG","SRR5946747","Healthy",433,4.87910990217673
"IBD.PRJNA398089_MG","SRR5936238","Healthy",252,3.6287334971415
"IBD.PRJNA398089_MG","SRR5946867","Healthy",445,5.10429975705999
"IBD.PRJNA398089_MG","SRR5935793","Healthy",246,5.00679475219261
"IBD.PRJNA398089_MG","SRR5946791","Healthy",380,4.9328836164494
"IBD.PRJNA398089_MG","SRR5946817","Healthy",351,4.42880203254102
"IBD.PRJNA398089_MG","SRR5946930","Healthy",378,4.81622456820513
"IBD.PRJNA398089_MG","SRR5946847","Healthy",398,4.90588040873464
"IBD.PRJNA398089_MG","SRR5935833","Healthy",350,4.18505694833953
"IBD.PRJNA398089_MG","SRR5936115","Healthy",384,5.03120755798484
"IBD.PRJNA398089_MG","SRR5946776","Healthy",386,4.58728036633764
"IBD.PRJNA398089_MG","SRR5935989","Healthy",312,3.97926020769191
"IBD.PRJNA398089_MG","SRR5950520","Healthy",394,4.7818106492102
"IBD.PRJNA398089_MG","SRR5935914","Healthy",358,4.14957598720814
"IBD.PRJNA398089_MG","SRR5946985","Healthy",401,4.57224908919823
"IBD.PRJNA398089_MG","SRR5935938","Healthy",375,4.18456052418031
"IBD.PRJNA398089_MG","SRR5946671","Healthy",346,5.10952043431986
"IBD.PRJNA398089_MG","SRR5946921","Healthy",406,4.88336582735683
"IBD.PRJNA398089_MG","SRR5946760","Healthy",409,4.81373051985476
"IBD.PRJNA398089_MG","SRR5946628","Healthy",311,3.94237724152041
"IBD.PRJNA398089_MG","SRR5947048","Healthy",264,4.56493387556008
"IBD.PRJNA398089_MG","SRR5936191","Healthy",358,4.74523093625561
"IBD.PRJNA398089_MG","SRR5935970","Healthy",352,4.99969633900349
"IBD.PRJNA398089_MG","SRR5936095","Healthy",352,4.9207472655416
"IBD.PRJNA398089_MG","SRR5950531","Healthy",363,4.96521822543076
"IBD.PRJNA398089_MG","SRR5936099","Healthy",361,4.94109588789955
"IBD.PRJNA398089_MG","SRR5935774","Healthy",328,4.32435625332551
"IBD.PRJNA398089_MG","SRR5962906","Healthy",291,4.4097490416164
"IBD.PRJNA398089_MG","SRR5946966","Healthy",357,4.38908997693384
"IBD.PRJNA398089_MG","SRR5936231","Healthy",371,4.74644284676101
"IBD.PRJNA398089_MG","SRR5935892","Healthy",188,3.79335137636738
"IBD.PRJNA398089_MG","SRR5946987","Healthy",304,4.56047895505191
"IBD.PRJNA398089_MG","SRR5935866","Healthy",339,4.59863926398044
"IBD.PRJNA398089_MG","SRR5936013","Healthy",357,4.04869258390019
"IBD.PRJNA398089_MG","SRR5946777","Healthy",333,4.49999510228918
"IBD.PRJNA398089_MG","SRR5936195","Healthy",358,4.67843684235598
"IBD.PRJNA398089_MG","SRR5950571","Healthy",319,4.77287453785165
"IBD.PRJNA398089_MG","SRR5935825","Healthy",386,4.95831889603114
"IBD.PRJNA398089_MG","SRR5946626","Healthy",421,4.90436721676553
"IBD.PRJNA398089_MG","SRR5946880","Healthy",382,4.82151969875623
"IBD.PRJNA398089_MG","SRR5935963","Healthy",443,5.08761664564481
"IBD.PRJNA398089_MG","SRR5946787","Healthy",314,3.9093652460501
"IBD.PRJNA398089_MG","SRR5935968","Healthy",244,4.3976293676942
"IBD.PRJNA398089_MG","SRR5935975","Healthy",273,4.5591298762692
"IBD.PRJNA398089_MG","SRR5947028","Healthy",242,4.2809780505126
"IBD.PRJNA398089_MG","SRR5936143","Healthy",253,4.43584123117775
"IBD.PRJNA398089_MG","SRR5950686","Healthy",281,4.60011304619887
"IBD.PRJNA398089_MG","SRR5946981","Healthy",306,4.79193427634247
"IBD.PRJNA398089_MG","SRR5935984","Healthy",230,4.30433663142595
"IBD.PRJNA398089_MG","SRR5946682","Healthy",283,4.56855430087641
"IBD.PRJNA398089_MG","SRR5946651","Healthy",254,4.3989629309418
"IBD.PRJNA398089_MG","SRR5936118","Healthy",268,4.47216193467196
"IBD.PRJNA398089_MG","SRR5950759","Healthy",267,4.47591929108162
"IBD.PRJNA398089_MG","SRR5936058","Healthy",342,4.49523488963212
"IBD.PRJNA398089_MG","SRR5936097","Healthy",397,4.9725151924378
"IBD.PRJNA398089_MG","SRR5936105","Healthy",402,4.92404581568371
"IBD.PRJNA398089_MG","SRR5950652","Healthy",309,4.58735766137809
"IBD.PRJNA398089_MG","SRR5950733","Healthy",324,4.74031048680849
"IBD.PRJNA398089_MG","SRR5946971","Healthy",380,4.89306893827614
"IBD.PRJNA398089_MG","SRR5935740","Healthy",344,4.8038260736154
"IBD.PRJNA398089_MG","SRR5946803","Healthy",304,4.58836005691859
"IBD.PRJNA398089_MG","SRR5946895","Healthy",264,3.93766574002224
"IBD.PRJNA398089_MG","SRR5935981","Healthy",352,4.85404710631686
"IBD.PRJNA398089_MG","SRR5936132","Healthy",385,5.05690276299131
"IBD.PRJNA398089_MG","SRR5946818","Healthy",415,5.04637655523054
"IBD.PRJNA398089_MG","SRR5936020","Healthy",369,4.62390749817282
"IBD.PRJNA398089_MG","SRR5950732","UC",294,4.61575310549318
"IBD.PRJNA398089_MG","SRR5950767","UC",374,4.76489673105197
"IBD.PRJNA398089_MG","SRR5950532","UC",331,4.60447795014898
"IBD.PRJNA398089_MG","SRR5935926","UC",358,4.66828686255501
"IBD.PRJNA398089_MG","SRR5935978","UC",304,4.78836174120429
"IBD.PRJNA398089_MG","SRR5950736","UC",315,4.85898513098274
"IBD.PRJNA398089_MG","SRR5947082","UC",462,4.9725562028633
"IBD.PRJNA398089_MG","SRR5946929","UC",396,4.17485427514589
"IBD.PRJNA398089_MG","SRR5950499","UC",284,3.81710957761164
"IBD.PRJNA398089_MG","SRR5946785","UC",328,4.95694455741217
"IBD.PRJNA398089_MG","SRR5946962","UC",313,4.31820608314
"IBD.PRJNA398089_MG","SRR5950779","UC",305,3.53537078215617
"IBD.PRJNA398089_MG","SRR5950538","UC",305,4.35122315414955
"IBD.PRJNA398089_MG","SRR5935884","UC",375,4.78315370949024
"IBD.PRJNA398089_MG","SRR5947011","UC",361,4.56744907149498
"IBD.PRJNA398089_MG","SRR5936064","UC",342,4.67424940961218
"IBD.PRJNA398089_MG","SRR5962898","UC",306,4.6702616993364
"IBD.PRJNA398089_MG","SRR5950758","UC",340,4.63192060792853
"IBD.PRJNA398089_MG","SRR5935799","UC",341,4.766994652432
"IBD.PRJNA398089_MG","SRR5936140","UC",364,4.56879614084385
"IBD.PRJNA398089_MG","SRR5950630","UC",388,4.82220430923846
"IBD.PRJNA398089_MG","SRR5946848","UC",142,4.20010201047174
"IBD.PRJNA398089_MG","SRR5936199","UC",206,4.09983673463442
"IBD.PRJNA398089_MG","SRR5935777","UC",181,4.06663297421348
"IBD.PRJNA398089_MG","SRR5935923","UC",205,4.34644779493733
"IBD.PRJNA398089_MG","SRR5935898","UC",204,4.3818014964334
"IBD.PRJNA398089_MG","SRR5946968","UC",214,4.47007773430088
"IBD.PRJNA398089_MG","SRR5947080","UC",124,3.99520806050484
"IBD.PRJNA398089_MG","SRR5946733","UC",187,3.89860019263053
"IBD.PRJNA398089_MG","SRR5946927","UC",186,4.26617962846363
"IBD.PRJNA398089_MG","SRR5947021","UC",148,3.86567733018101
"IBD.PRJNA398089_MG","SRR5946679","UC",157,3.7992472120929
"IBD.PRJNA398089_MG","SRR5946655","UC",53,3.58663720659983
"IBD.PRJNA398089_MG","SRR5947064","UC",149,4.01319135304676
"IBD.PRJNA398089_MG","SRR5947073","UC",154,3.99461810055874
"IBD.PRJNA398089_MG","SRR5950746","UC",149,3.88192498439888
"IBD.PRJNA398089_MG","SRR5946720","UC",71,3.71413528598869
"IBD.PRJNA398089_MG","SRR5936026","UC",186,3.77790384094092
"IBD.PRJNA398089_MG","SRR5935800","UC",205,3.84725830407859
"IBD.PRJNA398089_MG","SRR5935988","UC",226,3.59062874519183
"IBD.PRJNA398089_MG","SRR5935750","UC",162,3.48622009081871
"IBD.PRJNA398089_MG","SRR5962900","UC",164,3.42642737349795
"IBD.PRJNA398089_MG","SRR5935954","UC",209,3.98826146917216
"IBD.PRJNA398089_MG","SRR5936092","UC",181,4.01372348544604
"IBD.PRJNA398089_MG","SRR5936167","UC",202,4.01037083583084
"IBD.PRJNA398089_MG","SRR5946638","UC",279,4.72554883637108
"IBD.PRJNA398089_MG","SRR5935741","UC",302,4.60928347778593
"IBD.PRJNA398089_MG","SRR5935950","UC",308,4.68020134961733
"IBD.PRJNA398089_MG","SRR5935782","UC",289,4.54330866018592
"IBD.PRJNA398089_MG","SRR5936152","UC",265,4.37632109099043
"IBD.PRJNA398089_MG","SRR5947066","UC",226,4.65502517026787
"IBD.PRJNA398089_MG","SRR5947071","UC",252,4.52836778075389
"IBD.PRJNA398089_MG","SRR5962908","UC",227,4.54767621027033
"IBD.PRJNA398089_MG","SRR5946722","UC",269,4.60219623983269
"IBD.PRJNA398089_MG","SRR5946701","Healthy",264,4.06719254842487
"IBD.PRJNA398089_MG","SRR5935872","Healthy",217,3.6676331620096
"IBD.PRJNA398089_MG","SRR5950563","Healthy",228,4.28642135106993
"IBD.PRJNA398089_MG","SRR5950602","Healthy",219,4.04142905635215
"IBD.PRJNA398089_MG","SRR5935849","Healthy",276,4.12736468914624
"IBD.PRJNA398089_MG","SRR5950735","Healthy",232,3.92044748931721
"IBD.PRJNA398089_MG","SRR5946866","Healthy",254,4.63892316901809
"IBD.PRJNA398089_MG","SRR5950549","Healthy",219,3.84761935253852
"IBD.PRJNA398089_MG","SRR5950584","Healthy",248,4.09020652286843
"IBD.PRJNA398089_MG","SRR5946808","Healthy",219,4.25646927049975
"IBD.PRJNA398089_MG","SRR5947022","Healthy",258,4.56437883621566
"IBD.PRJNA398089_MG","SRR5936019","Healthy",215,3.95252823249952
"IBD.PRJNA398089_MG","SRR5950697","Healthy",222,4.67203541182569
"IBD.PRJNA398089_MG","SRR5946670","Healthy",313,4.61701355633989
"IBD.PRJNA398089_MG","SRR5950658","Healthy",288,4.86414393112429
"IBD.PRJNA398089_MG","SRR5950783","Healthy",292,4.80976058039814
"IBD.PRJNA398089_MG","SRR5946952","Healthy",281,4.82126762309019
"IBD.PRJNA398089_MG","SRR5936198","Healthy",197,3.82828238955034
"IBD.PRJNA398089_MG","SRR5936056","Healthy",233,4.00471785131614
"IBD.PRJNA398089_MG","SRR5936137","Healthy",200,3.96552858803236
"IBD.PRJNA398089_MG","SRR5935971","Healthy",268,4.3858301747043
"IBD.PRJNA398089_MG","SRR5936098","Healthy",266,4.00280512665182
"IBD.PRJNA398089_MG","SRR5950506","Healthy",278,3.82841873549769
"IBD.PRJNA398089_MG","SRR5935843","Healthy",275,4.54426557404797
"IBD.PRJNA398089_MG","SRR5950702","Healthy",305,4.6681502564099
"IBD.PRJNA398089_MG","SRR5947069","Healthy",242,4.75239888308127
"IBD.PRJNA398089_MG","SRR5950519","Healthy",245,4.67188398857448
"IBD.PRJNA398089_MG","SRR5946831","Healthy",340,4.89063597743144
"IBD.PRJNA398089_MG","SRR5947029","Healthy",183,4.09123854647492
"IBD.PRJNA398089_MG","SRR5947032","Healthy",255,4.82461536567093
"IBD.PRJNA398089_MG","SRR5935924","Healthy",240,4.27016515311052
"IBD.PRJNA398089_MG","SRR5950690","Healthy",276,4.54469309306007
"IBD.PRJNA398089_MG","SRR5947081","Healthy",273,4.57764935926629
"IBD.PRJNA398089_MG","SRR5950696","Healthy",183,3.73196012102395
"IBD.PRJNA398089_MG","SRR5947070","Healthy",181,4.08655141437965
"IBD.PRJNA398089_MG","SRR5946725","Healthy",238,4.05156200258348
"IBD.PRJNA398089_MG","SRR5950593","Healthy",191,4.29146128572609
"IBD.PRJNA398089_MG","SRR5946829","Healthy",198,4.17420863460377
"IBD.PRJNA398089_MG","SRR5946825","Healthy",202,4.43423117524799
"IBD.PRJNA398089_MG","SRR5935773","Healthy",208,4.29703277162219
"IBD.PRJNA398089_MG","SRR5946713","Healthy",222,4.4846895871237
"IBD.PRJNA398089_MG","SRR5962902","Healthy",184,4.2694751846972
"IBD.PRJNA398089_MG","SRR5950726","Healthy",188,4.27060356597805
"IBD.PRJNA398089_MG","SRR5950727","Healthy",194,4.15228975833856
"IBD.PRJNA398089_MG","SRR5946737","Healthy",212,4.01428755060318
"IBD.PRJNA398089_MG","SRR5946672","Healthy",198,4.15075648730492
"IBD.PRJNA398089_MG","SRR5947019","Healthy",279,4.51895425258896
"IBD.PRJNA398089_MG","SRR5950784","Healthy",290,4.86095094996257
"IBD.PRJNA398089_MG","SRR5946723","Healthy",257,4.70350070056974
"IBD.PRJNA398089_MG","SRR5950769","Healthy",273,4.4803306784777
"IBD.PRJNA398089_MG","SRR5950518","Healthy",282,4.9002071043117
"IBD.PRJNA398089_MG","SRR5946834","Healthy",247,4.46010920406205
"IBD.PRJNA398089_MG","SRR5936168","Healthy",243,4.39283810425334
"IBD.PRJNA398089_MG","SRR5946707","Healthy",313,4.73267798966867
"IBD.PRJNA398089_MG","SRR5950524","Healthy",247,4.35334873016055
"IBD.PRJNA398089_MG","SRR5935929","Healthy",242,4.06021746564112
"IBD.PRJNA398089_MG","SRR5950689","Healthy",261,4.65090827349168
"IBD.PRJNA398089_MG","SRR5946731","Healthy",259,4.7260549719639
"IBD.PRJNA398089_MG","SRR5946925","Healthy",274,4.46830519572156
"IBD.PRJNA398089_MG","SRR5947056","UC",8,1.97920451743432
"IBD.PRJNA398089_MG","SRR5950785","UC",153,4.0919940328896
"IBD.PRJNA398089_MG","SRR5946961","UC",193,4.27766147133561
"IBD.PRJNA398089_MG","SRR5950742","UC",173,4.2329131356327
"IBD.PRJNA398089_MG","SRR5950599","UC",307,4.88949804774254
"IBD.PRJNA398089_MG","SRR5950626","UC",155,4.31611795469286
"IBD.PRJNA398089_MG","SRR5946892","UC",225,4.39633121642268
"IBD.PRJNA398089_MG","SRR5950558","UC",149,4.19812780084047
"IBD.PRJNA398089_MG","SRR5946630","UC",206,4.56313805874123
"IBD.PRJNA398089_MG","SRR5950705","UC",189,4.53102055322022
"IBD.PRJNA398089_MG","SRR5946714","UC",154,4.09825549631332
"IBD.PRJNA398089_MG","SRR5950651","UC",156,4.0688811436249
"IBD.PRJNA398089_MG","SRR5946862","UC",208,4.36501866825201
"IBD.PRJNA398089_MG","SRR5950792","UC",145,4.39063574903149
"IBD.PRJNA398089_MG","SRR5950617","UC",182,3.99154940062502
"IBD.PRJNA398089_MG","SRR5947025","UC",146,4.29184470441938
"IBD.PRJNA398089_MG","SRR5950701","UC",171,4.34451376878565
"IBD.PRJNA398089_MG","SRR5946903","UC",219,4.30529418220432
"IBD.PRJNA398089_MG","SRR5936197","Healthy",269,4.25543570398398
"IBD.PRJNA398089_MG","SRR5950581","Healthy",296,4.90674456619112
"IBD.PRJNA398089_MG","SRR5950699","Healthy",328,5.04915633604064
"IBD.PRJNA398089_MG","SRR5950660","Healthy",277,4.89183340003965
"IBD.PRJNA398089_MG","SRR5947072","Healthy",331,4.9036347756536
"IBD.PRJNA398089_MG","SRR5950747","Healthy",277,4.87284892032444
"IBD.PRJNA398089_MG","SRR5950489","Healthy",304,4.91049782655568
"IBD.PRJNA398089_MG","SRR5950515","Healthy",286,4.74084923409709
"IBD.PRJNA398089_MG","SRR5950512","Healthy",323,4.98430934248569
"IBD.PRJNA398089_MG","SRR5950598","Healthy",311,4.66254791355001
"IBD.PRJNA398089_MG","SRR5946889","Healthy",379,4.99231021150739
"IBD.PRJNA398089_MG","SRR5935778","Healthy",284,4.58509945088546
"IBD.PRJNA398089_MG","SRR5950559","Healthy",331,4.99573648618524
"IBD.PRJNA398089_MG","SRR5950561","Healthy",312,4.97850605087376
"IBD.PRJNA398089_MG","SRR5950711","Healthy",337,4.87360651526574
"IBD.PRJNA398089_MG","SRR5950706","Healthy",293,4.88502168944731
"IBD.PRJNA398089_MG","SRR5946711","Healthy",311,4.99397151482559
"IBD.PRJNA398089_MG","SRR5950693","Healthy",307,4.69375623703677
"IBD.PRJNA398089_MG","SRR5946969","Healthy",309,4.68961393535939
"IBD.PRJNA398089_MG","SRR5950491","Healthy",260,4.50599401486357
"IBD.PRJNA398089_MG","SRR5950545","Healthy",283,4.86556529891924
"IBD.PRJNA398089_MG","SRR5946923","Healthy",353,4.96596305386723
"IBD.PRJNA398089_MG","SRR5946905","Healthy",366,4.98162000278011
"IBD.PRJNA398089_MG","SRR5946924","Healthy",304,4.71483376944716
"IBD.PRJNA398089_MG","SRR5950594","Healthy",248,4.48332343392088
"IBD.PRJNA398089_MG","SRR5946891","Healthy",279,4.56047475200309
"IBD.PRJNA398089_MG","SRR5946632","Healthy",267,4.80903983767105
"IBD.PRJNA398089_MG","SRR5946844","Healthy",227,4.10392881245593
"IBD.PRJNA398089_MG","SRR5947057","Healthy",171,3.8534605764547
"IBD.PRJNA398089_MG","SRR5947017","Healthy",314,4.59713057614614
"IBD.PRJNA398089_MG","SRR5950664","Healthy",253,4.65737619426609
"IBD.PRJNA398089_MG","SRR5946958","Healthy",319,4.88526569143331
"IBD.PRJNA398089_MG","SRR5946955","Healthy",309,4.59519202834285
"IBD.PRJNA398089_MG","SRR5950745","Healthy",312,4.63906931757902
"IBD.PRJNA398089_MG","SRR5950560","UC",387,5.13205431407829
"IBD.PRJNA398089_MG","SRR5946637","UC",328,4.82354863240502
"IBD.PRJNA398089_MG","SRR5946709","UC",392,5.1186470645549
"IBD.PRJNA398089_MG","SRR5947018","UC",384,5.01146565546356
"IBD.PRJNA398089_MG","SRR5950700","UC",350,4.93531509685309
"IBD.PRJNA398089_MG","SRR5950748","UC",297,4.70905821484222
"IBD.PRJNA398089_MG","SRR5946832","UC",363,5.01694828812836
"IBD.PRJNA398089_MG","SRR5935961","UC",196,4.60513624251744
"IBD.PRJNA398089_MG","SRR5936024","UC",289,4.61658560933598
"IBD.PRJNA398089_MG","SRR5950641","UC",253,4.68618571882127
"IBD.PRJNA398089_MG","SRR5935994","UC",275,4.75973993220677
"IBD.PRJNA398089_MG","SRR5950624","UC",1,0
"IBD.PRJNA398089_MG","SRR5935775","UC",233,4.35685096316361
"IBD.PRJNA398089_MG","SRR5936034","UC",231,4.32032770634174
"IBD.PRJNA398089_MG","SRR5936047","UC",209,3.98777145793533
"IBD.PRJNA398089_MG","SRR5946697","UC",224,4.24089849501067
"IBD.PRJNA398089_MG","SRR5946951","UC",214,4.26258499348251
"IBD.PRJNA398089_MG","SRR5946990","UC",301,4.33843575077742
"IBD.PRJNA398089_MG","SRR5946939","UC",241,4.28099928862579
"IBD.PRJNA398089_MG","SRR5946850","UC",197,4.22272910307819
"IBD.PRJNA398089_MG","SRR5946643","UC",248,4.44462396531687
"IBD.PRJNA398089_MG","SRR5936194","UC",171,4.05109777215141
"IBD.PRJNA398089_MG","SRR5950685","UC",162,4.0110654777743
"IBD.PRJNA398089_MG","SRR5950670","UC",155,4.0107971073381
"IBD.PRJNA398089_MG","SRR5950741","UC",1,0
"IBD.PRJNA398089_MG","SRR5936093","UC",162,3.90710001387735
"IBD.PRJNA398089_MG","SRR5950505","UC",170,3.89615464523535
"IBD.PRJNA398089_MG","SRR5950529","UC",1,0
"IBD.PRJNA398089_MG","SRR5950608","UC",183,3.91614731408165
"IBD.PRJNA398089_MG","SRR5936150","UC",166,3.91511471073019
"IBD.PRJNA398089_MG","SRR5946977","UC",141,3.98587462021805
"IBD.PRJNA398089_MG","SRR5936057","UC",172,4.21353343140063
"IBD.PRJNA398089_MG","SRR5950724","UC",194,4.3317693101108
"IBD.PRJNA398089_MG","SRR5950494","UC",203,4.22749581414047
"IBD.PRJNA398089_MG","SRR5950588","UC",109,3.93659808447251
"IBD.PRJNA398089_MG","SRR5950615","UC",21,2.65892083743444
"IBD.PRJNA398089_MG","SRR5946661","UC",96,3.79513355137626
"IBD.PRJNA398089_MG","SRR5946950","UC",159,4.26459495363261
"IBD.PRJNA398089_MG","SRR5935789","UC",94,4.02986747428083
"IBD.PRJNA398089_MG","SRR5946936","UC",183,3.97631425785666
"IBD.PRJNA398089_MG","SRR5946728","UC",2,0.693147180559945
"IBD.PRJNA398089_MG","SRR5935864","UC",196,4.36419992357891
"IBD.PRJNA398089_MG","SRR5946796","UC",200,4.1066105502931
"IBD.PRJNA398089_MG","SRR5946684","Healthy",260,4.53538910611114
"IBD.PRJNA398089_MG","SRR5950511","Healthy",297,4.64470829607062
"IBD.PRJNA398089_MG","SRR5935771","Healthy",368,5.19694859660092
"IBD.PRJNA398089_MG","SRR5946861","Healthy",341,4.92487789111179
"IBD.PRJNA398089_MG","SRR5950550","Healthy",327,4.9949785470553
"IBD.PRJNA398089_MG","SRR5946623","Healthy",258,4.20613099185776
"IBD.PRJNA398089_MG","SRR5946608","Healthy",288,4.36337409309387
"IBD.PRJNA398089_MG","SRR5947012","Healthy",239,4.56156148691154
"IBD.PRJNA398089_MG","SRR5946681","Healthy",291,4.38752957487778
"IBD.PRJNA398089_MG","SRR5950777","Healthy",273,3.44399413337891
"IBD.PRJNA398089_MG","SRR5935820","Healthy",304,4.7254670656153
"IBD.PRJNA398089_MG","SRR5946967","Healthy",214,3.25079963932992
"IBD.PRJNA398089_MG","SRR5950547","Healthy",292,3.61033014943295
"IBD.PRJNA398089_MG","SRR5936204","Healthy",315,3.67064757948429
"IBD.PRJNA398089_MG","SRR5936201","Healthy",304,3.50200875140911
"IBD.PRJNA398089_MG","SRR5946704","Healthy",343,4.66943990508672
"IBD.PRJNA398089_MG","SRR5946800","Healthy",308,3.45866448542126
"IBD.PRJNA398089_MG","SRR5935781","Healthy",231,3.33630009472875
"IBD.PRJNA398089_MG","SRR5946618","Healthy",124,3.99482343524817
"IBD.PRJNA398089_MG","SRR5935951","Healthy",212,3.61418295645766
"IBD.PRJNA398089_MG","SRR5935840","Healthy",211,3.91407001850981
"IBD.PRJNA398089_MG","SRR5936169","Healthy",154,3.4055193658531
"IBD.PRJNA398089_MG","SRR5936103","Healthy",162,3.43735816852142
"IBD.PRJNA398089_MG","SRR5947035","Healthy",198,3.73676851030834
"IBD.PRJNA398089_MG","SRR5950654","Healthy",150,3.57815022100808
"IBD.PRJNA398089_MG","SRR5935836","Healthy",156,3.75756563688305
"IBD.PRJNA398089_MG","SRR5946970","Healthy",259,4.42190252860112
"IBD.PRJNA398089_MG","SRR5947077","Healthy",281,4.48143429386023
"IBD.PRJNA398089_MG","SRR5946735","Healthy",179,4.01829532230066
"IBD.PRJNA398089_MG","SRR5950621","Healthy",196,3.85377014449681
"IBD.PRJNA398089_MG","SRR5946806","Healthy",166,3.38125905931658
"IBD.PRJNA398089_MG","SRR5946676","Healthy",216,3.94105223934577
"IBD.PRJNA398089_MG","SRR5946610","Healthy",174,3.58891303791901
"IBD.PRJNA398089_MG","SRR5962904","Healthy",172,3.59199910061153
"IBD.PRJNA398089_MG","SRR5946896","Healthy",190,3.9137903647309
"IBD.PRJNA398089_MG","SRR5946647","Healthy",117,4.17560846021208
"IBD.PRJNA398089_MG","SRR5935868","Healthy",142,4.25223053119951
"IBD.PRJNA398089_MG","SRR5947061","Healthy",256,4.59928013811517
"IBD.PRJNA398089_MG","SRR5936021","Healthy",137,3.72680350541946
"IBD.PRJNA398089_MG","SRR5935801","Healthy",188,4.18919820258278
"IBD.PRJNA398089_MG","SRR5935818","Healthy",194,4.19243158215841
"IBD.PRJNA398089_MG","SRR5935747","Healthy",158,4.04768323145896
"IBD.PRJNA398089_MG","SRR5946975","UC",328,4.43149696430162
"IBD.PRJNA398089_MG","SRR5946838","UC",250,4.59211839622838
"IBD.PRJNA398089_MG","SRR5946690","UC",243,4.26968985576998
"IBD.PRJNA398089_MG","SRR5946802","UC",255,4.26993263082682
"IBD.PRJNA398089_MG","SRR5946687","UC",286,4.5323385023405
"IBD.PRJNA398089_MG","SRR5950570","UC",284,3.96486383346462
"IBD.PRJNA398089_MG","SRR5946763","UC",251,4.04455404634229
"IBD.PRJNA398089_MG","SRR5946765","UC",311,3.99240342798643
"IBD.PRJNA398089_MG","SRR5946635","UC",339,4.88186462969502
"IBD.PRJNA398089_MG","SRR5950712","UC",291,4.05211673675579
"IBD.PRJNA398089_MG","SRR5946633","UC",288,4.54457429441232
"IBD.PRJNA398089_MG","SRR5950495","UC",232,4.12907158706006
"IBD.PRJNA398089_MG","SRR5950542","UC",199,4.1343808960963
"IBD.PRJNA398089_MG","SRR5947062","UC",218,3.98826688467403
"IBD.PRJNA398089_MG","SRR5946804","UC",252,4.23486348308929
"IBD.PRJNA398089_MG","SRR5946986","UC",261,4.35871728830159
"IBD.PRJNA398089_MG","SRR5947065","UC",262,4.23683127699215
"IBD.PRJNA398089_MG","SRR5946743","UC",259,4.63272652035127
"IBD.PRJNA398089_MG","SRR5946835","UC",269,4.80080697163306
"IBD.PRJNA398089_MG","SRR5950554","UC",253,4.75122288877629
"IBD.PRJNA398089_MG","SRR5946890","UC",281,4.79532931003533
"IBD.PRJNA398089_MG","SRR5950707","UC",310,4.73023713513163
"IBD.PRJNA398089_MG","SRR5950709","UC",232,4.44252289285012
"IBD.PRJNA398089_MG","SRR5946710","UC",258,4.73005652451163
"IBD.PRJNA398089_MG","SRR5946810","UC",278,4.6317238367023
"IBD.PRJNA398089_MG","SRR5946904","UC",240,4.5340442482192
"IBD.PRJNA398089_MG","SRR5950663","UC",242,4.76255653147441
"IBD.PRJNA398089_MG","SRR5946953","UC",278,4.91300112525948
"IBD.PRJNA398089_MG","SRR5946724","UC",262,4.89079486606677
"IBD.PRJNA398089_MT","SRR5949302","UC",126,0.655778611015649
"IBD.PRJNA398089_MT","SRR5949109","UC",149,1.16138313808291
"IBD.PRJNA398089_MT","SRR5949155","UC",122,0.626468436802845
"IBD.PRJNA398089_MT","SRR5949279","UC",103,1.30766397163382
"IBD.PRJNA398089_MT","SRR5949406","UC",164,1.95476654302543
"IBD.PRJNA398089_MT","SRR5949598","UC",154,0.578268883018226
"IBD.PRJNA398089_MT","SRR5949313","UC",57,0.169490069180736
"IBD.PRJNA398089_MT","SRR5949176","UC",116,0.783487352066208
"IBD.PRJNA398089_MT","SRR5949391","UC",127,0.695730871660295
"IBD.PRJNA398089_MT","SRR5949483","UC",126,0.65195173627159
"IBD.PRJNA398089_MT","SRR5949239","UC",192,2.19710375352957
"IBD.PRJNA398089_MT","SRR5949110","UC",77,0.703261544200105
"IBD.PRJNA398089_MT","SRR5949191","UC",73,0.235054499964136
"IBD.PRJNA398089_MT","SRR5949184","UC",96,0.21704296855303
"IBD.PRJNA398089_MT","SRR5949348","UC",135,0.413513816921123
"IBD.PRJNA398089_MT","SRR5949137","UC",103,0.289443914357139
"IBD.PRJNA398089_MT","SRR5949471","UC",143,0.79109245276244
"IBD.PRJNA398089_MT","SRR5949377","UC",133,0.45901866104466
"IBD.PRJNA398089_MT","SRR5949485","UC",94,0.322819149961433
"IBD.PRJNA398089_MT","SRR5949397","UC",83,0.798782412666528
"IBD.PRJNA398089_MT","SRR5949167","UC",150,0.979195827651081
"IBD.PRJNA398089_MT","SRR5949536","UC",75,0.0899542681026096
"IBD.PRJNA398089_MT","SRR5949491","UC",69,0.263254460900067
"IBD.PRJNA398089_MT","SRR5949468","UC",75,0.517536905819092
"IBD.PRJNA398089_MT","SRR5949476","UC",70,0.516701664313533
"IBD.PRJNA398089_MT","SRR5949484","UC",104,0.504014270699178
"IBD.PRJNA398089_MT","SRR5949158","UC",167,1.34713839484801
"IBD.PRJNA398089_MT","SRR5949210","UC",170,2.08529849770251
"IBD.PRJNA398089_MT","SRR5949194","UC",70,3.23380363957284
"IBD.PRJNA398089_MT","SRR5949367","UC",3,0.721463686692511
"IBD.PRJNA398089_MT","SRR5949524","UC",153,2.04529504625366
"IBD.PRJNA398089_MT","SRR5949163","UC",4,1.35178399428965
"IBD.PRJNA398089_MT","SRR5949264","UC",145,1.81559202209018
"IBD.PRJNA398089_MT","SRR5949437","UC",69,1.17918658060357
"IBD.PRJNA398089_MT","SRR5949571","UC",43,1.43831602837999
"IBD.PRJNA398089_MT","SRR5949601","UC",130,2.84462361906141
"IBD.PRJNA398089_MT","SRR5949327","UC",146,1.1181438594802
"IBD.PRJNA398089_MT","SRR5949534","UC",117,0.416370279992811
"IBD.PRJNA398089_MT","SRR5949349","UC",73,0.385613238660761
"IBD.PRJNA398089_MT","SRR5949143","UC",49,0.371282803383184
"IBD.PRJNA398089_MT","SRR5949297","UC",80,0.22217642736923
"IBD.PRJNA398089_MT","SRR5949128","UC",67,0.44920043692704
"IBD.PRJNA398089_MT","SRR5949153","UC",79,0.407171018454399
"IBD.PRJNA398089_MT","SRR5949268","UC",108,0.656164114254089
"IBD.PRJNA398089_MT","SRR5949410","UC",94,0.402362667664456
"IBD.PRJNA398089_MT","SRR5949507","UC",82,0.306051936557309
"IBD.PRJNA398089_MT","SRR5949434","UC",88,0.238623473896218
"IBD.PRJNA398089_MT","SRR5949309","UC",53,0.956438127353317
"IBD.PRJNA398089_MT","SRR5949174","UC",61,0.578820370277122
"IBD.PRJNA398089_MT","SRR5949393","UC",107,0.569203890928988
"IBD.PRJNA398089_MT","SRR5949414","UC",63,0.411612714289768
"IBD.PRJNA398089_MT","SRR5949423","UC",127,0.498998454902185
"IBD.PRJNA398089_MT","SRR5949135","Healthy",218,1.97530081520974
"IBD.PRJNA398089_MT","SRR5949212","Healthy",159,0.794985254741346
"IBD.PRJNA398089_MT","SRR5949560","Healthy",210,1.65279460934577
"IBD.PRJNA398089_MT","SRR5950449","Healthy",156,1.64040615152704
"IBD.PRJNA398089_MT","SRR5949549","Healthy",135,0.841016212379763
"IBD.PRJNA398089_MT","SRR5949189","Healthy",192,1.08350661426001
"IBD.PRJNA398089_MT","SRR5949546","Healthy",190,1.27213462837142
"IBD.PRJNA398089_MT","SRR5950278","UC",155,1.21994704261434
"IBD.PRJNA398089_MT","SRR5949463","UC",133,0.658658908595927
"IBD.PRJNA398089_MT","SRR5950332","UC",163,1.73829904945972
"IBD.PRJNA398089_MT","SRR5950460","UC",201,1.88759049523258
"IBD.PRJNA398089_MT","SRR5949267","UC",184,2.87628383491847
"IBD.PRJNA398089_MT","SRR5949148","UC",131,1.8251665158877
"IBD.PRJNA398089_MT","SRR5949435","UC",113,0.78572399890661
"IBD.PRJNA398089_MT","SRR5950377","UC",133,1.15745785812228
"IBD.PRJNA398089_MT","SRR5950258","UC",143,1.0149432207583
"IBD.PRJNA398089_MT","SRR5950355","UC",103,1.17064582973785
"IBD.PRJNA398089_MT","SRR5950292","UC",88,0.599845609118909
"IBD.PRJNA398089_MT","SRR5950400","UC",159,0.729967945068295
"IBD.PRJNA398089_MT","SRR5950296","UC",144,1.41942989325596
"IBD.PRJNA398089_MT","SRR5950469","UC",124,0.567795624571719
"IBD.PRJNA398089_MT","SRR5949262","UC",100,0.351917356827904
"IBD.PRJNA398089_MT","SRR5949150","UC",105,0.283442135867039
"IBD.PRJNA398089_MT","SRR5949375","UC",121,0.282580005879754
"IBD.PRJNA398089_MT","SRR5949420","Healthy",106,0.954006745531166
"IBD.PRJNA398089_MT","SRR5949353","Healthy",95,0.844225449581483
"IBD.PRJNA398089_MT","SRR5949156","Healthy",112,0.621080154785445
"IBD.PRJNA398089_MT","SRR5949373","Healthy",86,0.274029025541839
"IBD.PRJNA398089_MT","SRR5949409","Healthy",89,0.45103743259525
"IBD.PRJNA398089_MT","SRR5949240","Healthy",59,0.284942957467311
"IBD.PRJNA398089_MT","SRR5949187","Healthy",54,0.209410302474333
"IBD.PRJNA398089_MT","SRR5949260","Healthy",94,1.53723123765878
"IBD.PRJNA398089_MT","SRR5949408","Healthy",102,1.39052020524014
"IBD.PRJNA398089_MT","SRR5949169","UC",200,1.95597498605913
"IBD.PRJNA398089_MT","SRR5949454","UC",170,1.61836951123871
"IBD.PRJNA398089_MT","SRR5949581","UC",197,2.22044587887444
"IBD.PRJNA398089_MT","SRR5949368","UC",172,0.734353345586035
"IBD.PRJNA398089_MT","SRR5949590","UC",161,0.902990550374336
"IBD.PRJNA398089_MT","SRR5949145","Healthy",157,1.02341262457182
"IBD.PRJNA398089_MT","SRR5949448","Healthy",197,0.698041640970604
"IBD.PRJNA398089_MT","SRR5949521","Healthy",172,1.04334877499342
"IBD.PRJNA398089_MT","SRR5949498","Healthy",143,1.10374292515064
"IBD.PRJNA398089_MT","SRR5949603","Healthy",143,0.837577730860435
"IBD.PRJNA398089_MT","SRR5949478","Healthy",133,0.617137016589337
"IBD.PRJNA398089_MT","SRR5949451","Healthy",151,1.52515482217244
"IBD.PRJNA398089_MT","SRR5949345","Healthy",115,1.36316050691901
"IBD.PRJNA398089_MT","SRR5949244","Healthy",173,1.50860898608653
"IBD.PRJNA398089_MT","SRR5949418","Healthy",98,1.44661329006545
"IBD.PRJNA398089_MT","SRR5949199","Healthy",82,0.770202010364084
"IBD.PRJNA398089_MT","SRR5949452","Healthy",83,1.25279702457311
"IBD.PRJNA398089_MT","SRR5949213","Healthy",68,0.530481096544843
"IBD.PRJNA398089_MT","SRR5949270","Healthy",61,0.086262954983019
"IBD.PRJNA398089_MT","SRR5949428","Healthy",117,0.879745710857826
"IBD.PRJNA398089_MT","SRR5949172","Healthy",106,0.312813137858463
"IBD.PRJNA398089_MT","SRR5949307","Healthy",111,0.763333101884235
"IBD.PRJNA398089_MT","SRR5949543","UC",209,1.61025879556748
"IBD.PRJNA398089_MT","SRR5949347","UC",268,1.53862233813569
"IBD.PRJNA398089_MT","SRR5949139","UC",223,1.26616493590528
"IBD.PRJNA398089_MT","SRR5949247","UC",122,0.521284468089129
"IBD.PRJNA398089_MT","SRR5949522","UC",4,0.518700438574282
"IBD.PRJNA398089_MT","SRR5949529","UC",221,0.974318183843214
"IBD.PRJNA398089_MT","SRR5949317","UC",170,0.611523999633875
"IBD.PRJNA398089_MT","SRR5949501","UC",183,0.712357658341746
"IBD.PRJNA398089_MT","SRR5949556","UC",169,0.37684089285392
"IBD.PRJNA398089_MT","SRR5949587","UC",159,0.825503063592033
"IBD.PRJNA398089_MT","SRR5949588","UC",173,0.475715167615311
"IBD.PRJNA398089_MT","SRR5949312","UC",133,0.359045678431054
"IBD.PRJNA398089_MT","SRR5949475","UC",61,2.82851028092965
"IBD.PRJNA398089_MT","SRR5949365","Healthy",158,0.787752760710699
"IBD.PRJNA398089_MT","SRR5949306","Healthy",232,1.94551180401361
"IBD.PRJNA398089_MT","SRR5949168","Healthy",145,1.02097028583156
"IBD.PRJNA398089_MT","SRR5949419","Healthy",223,1.07823929281961
"IBD.PRJNA398089_MT","SRR5949183","Healthy",160,1.10419464642785
"IBD.PRJNA398089_MT","SRR5949249","Healthy",199,0.362293870150336
"IBD.PRJNA398089_MT","SRR5949508","Healthy",161,0.941184327160066
"IBD.PRJNA398089_MT","SRR5950378","Healthy",163,1.05848514678556
"IBD.PRJNA398089_MT","SRR5949482","Healthy",192,0.776831102208306
"IBD.PRJNA398089_MT","SRR5949161","Healthy",177,1.24382952912055
"IBD.PRJNA398089_MT","SRR5949415","Healthy",217,2.38934070420163
"IBD.PRJNA398089_MT","SRR5949193","Healthy",183,2.20233782341364
"IBD.PRJNA398089_MT","SRR5949142","Healthy",174,1.50218113898226
"IBD.PRJNA398089_MT","SRR5949225","Healthy",69,1.00544630827906
"IBD.PRJNA398089_MT","SRR5949585","Healthy",63,0.97357412282648
"IBD.PRJNA398089_MT","SRR5949462","Healthy",69,0.711172001502018
"IBD.PRJNA398089_MT","SRR5950450","Healthy",88,0.69118535575127
"IBD.PRJNA398089_MT","SRR5949166","Healthy",98,0.590006897653056
"IBD.PRJNA398089_MT","SRR5949111","Healthy",96,0.564196785176011
"IBD.PRJNA398089_MT","SRR5949539","Healthy",108,0.650683802405752
"IBD.PRJNA398089_MT","SRR5949576","UC",161,1.3941349863617
"IBD.PRJNA398089_MT","SRR5949431","UC",126,0.793309282060931
"IBD.PRJNA398089_MT","SRR5950247","UC",158,1.45196875031344
"IBD.PRJNA398089_MT","SRR5949263","UC",171,0.746730329032594
"IBD.PRJNA398089_MT","SRR5949582","UC",147,1.41467612694112
"IBD.PRJNA398089_MT","SRR5949461","UC",104,0.944718941912746
"IBD.PRJNA398089_MT","SRR5950338","UC",100,1.28545502238751
"IBD.PRJNA398089_MT","SRR5950414","UC",160,1.39806457224545
"IBD.PRJNA398089_MT","SRR5950328","UC",124,1.44627561424537
"IBD.PRJNA398089_MT","SRR5950408","UC",199,2.10886011626749
"IBD.PRJNA398089_MT","SRR5950465","UC",138,1.32148689289246
"IBD.PRJNA398089_MT","SRR5950440","UC",146,1.94275753445649
"IBD.PRJNA398089_MT","SRR5950284","UC",92,1.04648782473378
"IBD.PRJNA398089_MT","SRR5949256","UC",145,2.22573755345707
"IBD.PRJNA398089_MT","SRR5949516","UC",117,2.08785797403322
"IBD.PRJNA398089_MT","SRR5949573","UC",110,2.97108965719911
"IBD.PRJNA398089_MT","SRR5949221","UC",134,2.35126013098873
"IBD.PRJNA398089_MT","SRR5949125","UC",45,0.197522302711264
"IBD.PRJNA398089_MT","SRR5949356","UC",113,2.42971760424107
"IBD.PRJNA398089_MT","SRR5949561","UC",149,1.19699738025622
"IBD.PRJNA398089_MT","SRR5949555","UC",119,3.06905175710498
"IBD.PRJNA398089_MT","SRR5950413","UC",221,1.30584432825357
"IBD.PRJNA398089_MT","SRR5950354","UC",135,1.23420499507142
"IBD.PRJNA398089_MT","SRR5950286","UC",213,1.0835512065702
"IBD.PRJNA398089_MT","SRR5949243","UC",177,0.713172904088104
"IBD.PRJNA398089_MT","SRR5950433","UC",150,0.882307208875665
"IBD.PRJNA398089_MT","SRR5950401","UC",134,1.16265038342256
"IBD.PRJNA398089_MT","SRR5950269","UC",192,1.51195466253256
"IBD.PRJNA398089_MT","SRR5950306","UC",207,2.4087987373741
"IBD.PRJNA398089_MT","SRR5950287","UC",150,1.19737299161499
"IBD.PRJNA398089_MT","SRR5950393","UC",189,3.11077978133286
"IBD.PRJNA398089_MT","SRR5950285","UC",178,1.51801221035952
"IBD.PRJNA398089_MT","SRR5950277","UC",140,0.525740932515319
"IBD.PRJNA398089_MT","SRR5950293","UC",171,0.853511222063724
"IBD.PRJNA398089_MT","SRR5950356","UC",167,0.926674755304562
"IBD.PRJNA398089_MT","SRR5950268","UC",157,0.768302180395872
"IBD.PRJNA398089_MT","SRR5950267","UC",104,0.415670409097761
"IBD.PRJNA398089_MT","SRR5950320","UC",163,0.643157750473841
"IBD.PRJNA398089_MT","SRR5950382","UC",171,2.18151230704242
"IBD.PRJNA398089_MT","SRR5950359","Healthy",194,3.18162355964142
"IBD.PRJNA398089_MT","SRR5950322","Healthy",216,1.85741361753774
"IBD.PRJNA398089_MT","SRR5950314","Healthy",135,1.14712352373363
"IBD.PRJNA398089_MT","SRR5950302","Healthy",154,2.55629582522741
"IBD.PRJNA398089_MT","SRR5950326","Healthy",195,2.49017126354084
"IBD.PRJNA398089_MT","SRR5950369","Healthy",168,3.15131305925798
"IBD.PRJNA398089_MT","SRR5950444","Healthy",156,2.69112975513142
"IBD.PRJNA398089_MT","SRR5949547","UC",7,1.38572332188487
"IBD.PRJNA398089_MT","SRR5949467","UC",135,0.98929247341064
"IBD.PRJNA398089_MT","SRR5949162","Healthy",199,1.74970723320385
"IBD.PRJNA398089_MT","SRR5949190","Healthy",202,2.27063558064186
"IBD.PRJNA398089_MT","SRR5949257","Healthy",166,1.9044708219099
"IBD.PRJNA398089_MT","SRR5949579","Healthy",212,2.60795393889218
"IBD.PRJNA398089_MT","SRR5949118","Healthy",212,1.40852790145577
"IBD.PRJNA398089_MT","SRR5949281","Healthy",181,1.2271684803925
"IBD.PRJNA398089_MT","SRR5949329","Healthy",195,1.92932229801524
"IBD.PRJNA398089_MT","SRR5949596","Healthy",119,2.39653299163647
"IBD.PRJNA398089_MT","SRR5949481","Healthy",260,2.57954065939113
"IBD.PRJNA398089_MT","SRR5949492","Healthy",116,1.03829886113331
"IBD.PRJNA398089_MT","SRR5949443","Healthy",145,2.26531866631221
"IBD.PRJNA398089_MT","SRR5949360","Healthy",180,1.93393786177634
"IBD.PRJNA398089_MT","SRR5949427","Healthy",76,1.44729536917118
"IBD.PRJNA398089_MT","SRR5949286","Healthy",148,0.728014398027203
"IBD.PRJNA398089_MT","SRR5949500","Healthy",113,0.83515978445998
"IBD.PRJNA398089_MT","SRR5949594","Healthy",89,1.77769681900729
"IBD.PRJNA398089_MT","SRR5949241","Healthy",53,1.52863159043862
"IBD.PRJNA398089_MT","SRR5949606","Healthy",118,1.33856088995014
"IBD.PRJNA398089_MT","SRR5949237","Healthy",215,1.72464177907142
"IBD.PRJNA398089_MT","SRR5949195","Healthy",148,1.72775996501698
"IBD.PRJNA398089_MT","SRR5949144","Healthy",175,2.17246618380961
"IBD.PRJNA398089_MT","SRR5949566","Healthy",111,1.56542275989104
"IBD.PRJNA398089_MT","SRR5949575","Healthy",157,1.74160500737511
"IBD.PRJNA398089_MT","SRR5949278","Healthy",181,1.38213715365636
"IBD.PRJNA398089_MT","SRR5949430","Healthy",201,1.32990557782603
"IBD.PRJNA398089_MT","SRR5963946","Healthy",158,1.5911753447772
"IBD.PRJNA398089_MT","SRR5949339","Healthy",212,1.81942579434759
"IBD.PRJNA398089_MT","SRR5949274","Healthy",202,2.18933101643824
"IBD.PRJNA398089_MT","SRR5949308","Healthy",163,1.69060051716652
"IBD.PRJNA398089_MT","SRR5949333","Healthy",153,1.61871200902163
"IBD.PRJNA398089_MT","SRR5949246","Healthy",162,1.89100451653887
"IBD.PRJNA398089_MT","SRR5950394","Healthy",162,1.46865561512983
"IBD.PRJNA398089_MT","SRR5963948","Healthy",183,1.76405548959568
"IBD.PRJNA398089_MT","SRR5949180","Healthy",147,1.71969548079559
"IBD.PRJNA398089_MT","SRR5949331","Healthy",169,1.61852800980211
"IBD.PRJNA398089_MT","SRR5949559","Healthy",254,1.455556355949
"IBD.PRJNA398089_MT","SRR5963947","Healthy",213,1.31031741656657
"IBD.PRJNA398089_MT","SRR5963945","Healthy",227,2.2933867613288
"IBD.PRJNA398089_MT","SRR5949276","Healthy",87,2.27722134416639
"IBD.PRJNA398089_MT","SRR5950345","Healthy",123,1.73261872608222
"IBD.PRJNA398089_MT","SRR5949489","Healthy",194,2.22225228347072
"IBD.PRJNA398089_MT","SRR5949133","Healthy",71,1.40942500143145
"IBD.PRJNA398089_MT","SRR5949218","Healthy",191,0.544273263871219
"IBD.PRJNA398089_MT","SRR5949512","Healthy",176,1.2854127504223
"IBD.PRJNA398089_MT","SRR5949335","Healthy",145,0.71236333164296
"IBD.PRJNA398089_MT","SRR5950420","Healthy",139,0.829959754794117
"IBD.PRJNA398089_MT","SRR5950364","Healthy",111,0.200628813415808
"IBD.PRJNA398089_MT","SRR5950384","Healthy",68,0.202978341669845
"IBD.PRJNA398089_MT","SRR5949538","Healthy",32,1.13992273726024
"IBD.PRJNA398089_MT","SRR5949493","Healthy",157,0.808792965014582
"IBD.PRJNA398089_MT","SRR5949138","Healthy",137,2.03177322222133
"IBD.PRJNA398089_MT","SRR5949251","Healthy",147,0.964348180744401
"IBD.PRJNA398089_MT","SRR5950437","UC",84,0.904087006915546
"IBD.PRJNA398089_MT","SRR5950337","UC",81,0.624432614639126
"IBD.PRJNA398089_MT","SRR5950470","UC",73,0.792078785432209
"IBD.PRJNA398089_MT","SRR5950347","UC",138,0.67947744969772
"IBD.PRJNA398089_MT","SRR5950443","UC",124,1.0085528929855
"IBD.PRJNA398089_MT","SRR5949568","UC",134,0.874027981585969
"IBD.PRJNA398089_MT","SRR5949131","UC",36,0.249882064771773
"IBD.PRJNA398089_MT","SRR5949364","UC",93,0.268973973258558
"IBD.PRJNA398089_MT","SRR5949572","UC",86,0.417685402800967
"IBD.PRJNA398089_MT","SRR5949558","UC",84,1.07707440157861
"IBD.PRJNA398089_MT","SRR5949457","UC",75,1.75918869265846
"IBD.PRJNA398089_MT","SRR5950342","UC",94,0.8837164999433
"IBD.PRJNA398089_MT","SRR5950399","UC",114,1.08154025245143
"IBD.PRJNA398089_MT","SRR5950422","UC",146,2.14642070410721
"IBD.PRJNA398089_MT","SRR5950246","UC",73,1.29434517354784
"IBD.PRJNA398089_MT","SRR5950405","UC",134,1.38396875879359
"IBD.PRJNA398089_MT","SRR5950367","UC",125,1.71378680430064
"IBD.PRJNA398089_MT","SRR5950331","UC",115,1.50121647661963
"IBD.PRJNA398089_MT","SRR5950406","UC",31,0.557285833756157
"IBD.PRJNA398089_MT","SRR5950392","UC",126,2.42880912674299
"IBD.PRJNA398089_MT","SRR5950463","UC",114,2.2612670964905
"IBD.PRJNA398089_MT","SRR5949253","UC",79,2.73285189873485
"IBD.PRJNA398089_MT","SRR5949359","UC",81,2.56843769057648
"IBD.PRJNA398089_MT","SRR5949574","UC",69,2.06821096528616
"IBD.PRJNA398089_MT","SRR5949227","UC",68,2.2582326381466
"IBD.PRJNA398089_MT","SRR5949123","UC",106,2.61191293675127
"IBD.PRJNA398089_MT","SRR5949422","UC",99,1.1522900267431
"IBD.PRJNA398089_MT","SRR5949504","UC",104,1.90143588003734
"IBD.PRJNA398089_MT","SRR5950429","UC",241,2.4691799009207
"IBD.PRJNA398089_MT","SRR5949222","UC",183,1.24146403343634
"IBD.PRJNA398089_MT","SRR5949120","UC",212,2.16860787617402
"IBD.PRJNA398089_MT","SRR5949586","UC",172,0.77152579777092
"IBD.PRJNA398089_MT","SRR5950375","UC",152,0.475300030805994
"IBD.PRJNA398089_MT","SRR5950383","UC",148,1.19446006083718
"IBD.PRJNA398089_MT","SRR5950464","UC",169,0.869797433471637
"IBD.PRJNA398089_MT","SRR5950281","UC",122,0.354834655365008
"IBD.PRJNA398089_MT","SRR5949426","Healthy",141,1.82399205896429
"IBD.PRJNA398089_MT","SRR5950398","Healthy",136,1.37019913891619
"IBD.PRJNA398089_MT","SRR5950453","Healthy",112,0.874389979965659
"IBD.PRJNA398089_MT","SRR5950346","Healthy",149,1.4762292093756
"IBD.PRJNA398089_MT","SRR5950362","Healthy",188,1.76531746925089
"IBD.PRJNA398089_MT","SRR5950407","Healthy",210,2.27363938980669
"IBD.PRJNA398089_MT","SRR5950445","Healthy",124,1.0822939355359
"IBD.PRJNA398089_MT","SRR5949252","Healthy",105,2.33570878446441
"IBD.PRJNA398089_MT","SRR5949343","Healthy",100,2.23208054679429
"IBD.PRJNA398089_MT","SRR5949217","Healthy",89,2.01871695255023
"IBD.PRJNA398089_MT","SRR5949527","Healthy",107,2.76265641037664
"IBD.PRJNA398089_MT","SRR5949273","Healthy",143,2.99317290201627
"IBD.PRJNA398089_MT","SRR5949436","Healthy",131,1.96886261295986
"IBD.PRJNA398089_MT","SRR5950467","Healthy",145,0.502438199499443
"IBD.PRJNA398089_MT","SRR5950349","Healthy",138,1.18286421061823
"IBD.PRJNA398089_MT","SRR5949202","Healthy",181,0.477309426075813
"IBD.PRJNA398089_MT","SRR5950428","Healthy",86,0.327869968831844
"IBD.PRJNA398089_MT","SRR5950253","Healthy",160,0.57212659018588
"IBD.PRJNA398089_MT","SRR5950468","Healthy",109,0.793417717034246
"IBD.PRJNA398089_MT","SRR5950280","Healthy",174,2.07179459426546
"IBD.PRJNA398089_MT","SRR5950352","Healthy",102,0.55503166375827
"IBD.PRJNA398089_MT","SRR5950308","Healthy",117,0.433036641150272
"IBD.PRJNA398089_MT","SRR5950313","Healthy",117,0.503630850254092
"IBD.PRJNA398089_MT","SRR5949245","Healthy",95,0.632434533632482
"IBD.PRJNA398089_MT","SRR5950275","Healthy",91,1.15009419203922
"IBD.PRJNA398089_MT","SRR5950410","Healthy",98,1.39418692778866
"IBD.PRJNA398089_MT","SRR5950335","Healthy",153,2.10476587252915
"IBD.PRJNA398089_MT","SRR5950279","Healthy",179,2.28681406836061
"IBD.PRJNA398089_MT","SRR5950348","Healthy",137,1.47020564114892
"IBD.PRJNA398089_MT","SRR5950303","Healthy",113,1.17724488450888
"IBD.PRJNA398089_MT","SRR5949503","Healthy",125,1.31465990630369
"IBD.PRJNA398089_MT","SRR5950435","Healthy",117,1.66727154910624
"IBD.PRJNA398089_MT","SRR5950270","Healthy",145,1.22459769330576
"IBD.PRJNA398089_MT","SRR5950300","Healthy",133,1.48655540856663
"IBD.PRJNA398089_MT","SRR5950442","UC",131,1.22930776615024
"IBD.PRJNA398089_MT","SRR5950309","UC",115,0.791850469198208
"IBD.PRJNA398089_MT","SRR5950295","UC",116,0.952833071515339
"IBD.PRJNA398089_MT","SRR5950312","UC",58,0.445900201770588
"IBD.PRJNA398089_MT","SRR5950454","UC",125,0.869624258707155
"IBD.PRJNA398089_MT","SRR5950368","UC",81,0.418837510198491
"IBD.PRJNA398089_MT","SRR5950416","UC",92,0.668565835711604
"IBD.PRJNA398089_MT","SRR5950461","Healthy",233,1.04046307078618
"IBD.PRJNA398089_MT","SRR5950311","Healthy",191,1.25904014899905
"IBD.PRJNA398089_MT","SRR5949557","Healthy",141,0.661553594796437
"IBD.PRJNA398089_MT","SRR5950315","Healthy",207,1.33968744163171
"IBD.PRJNA398089_MT","SRR5949459","Healthy",192,1.31351532681976
"IBD.PRJNA398089_MT","SRR5950423","Healthy",209,0.792639576681055
"IBD.PRJNA398089_MT","SRR5950390","Healthy",233,1.90982710055089
"IBD.PRJNA398089_MT","SRR5950370","Healthy",188,0.958369689064292
"IBD.PRJNA398089_MT","SRR5950304","Healthy",181,1.32974940738808
"IBD.PRJNA398089_MT","SRR5950294","Healthy",145,0.349913259785493
"IBD.PRJNA398089_MT","SRR5950360","Healthy",103,0.112323300380638
"IBD.PRJNA398089_MT","SRR5950301","Healthy",201,0.630531843028905
"IBD.PRJNA398089_MT","SRR5950329","Healthy",241,1.00358453607668
"IBD.PRJNA398089_MT","SRR5950458","Healthy",271,1.55333121906517
"IBD.PRJNA398089_MT","SRR5950439","Healthy",237,1.29911727418356
"IBD.PRJNA398089_MT","SRR5950291","UC",131,0.534448549184896
"IBD.PRJNA398089_MT","SRR5950254","UC",270,1.22300534395371
"IBD.PRJNA398089_MT","SRR5950334","UC",182,2.11943999408884
"IBD.PRJNA398089_MT","SRR5949254","UC",194,2.54352584787401
"IBD.PRJNA398089_MT","SRR5949219","UC",141,0.770919997771329
"IBD.PRJNA398089_MT","SRR5949460","UC",109,1.08766349469731
"IBD.PRJNA398089_MT","SRR5949608","UC",170,2.73537711269238
"IBD.PRJNA398089_MT","SRR5963913","UC",130,0.643084921371118
"IBD.PRJNA398089_MT","SRR5949550","UC",145,0.988613969864985
"IBD.PRJNA398089_MT","SRR5949340","UC",81,0.683824290452187
"IBD.PRJNA398089_MT","SRR5949399","UC",100,1.48604542646901
"IBD.PRJNA398089_MT","SRR5963916","UC",70,0.540986364032523
"IBD.PRJNA398089_MT","SRR5949259","UC",84,2.00870397696344
"IBD.PRJNA398089_MT","SRR5949438","UC",75,0.721152340533412
"IBD.PRJNA398089_MT","SRR5950431","Healthy",218,1.51936447417402
"IBD.PRJNA398089_MT","SRR5950419","Healthy",132,1.32700705708324
"IBD.PRJNA398089_MT","SRR5950403","Healthy",142,1.44126874134221
"IBD.PRJNA398089_MT","SRR5949379","Healthy",218,2.58168791363949
"IBD.PRJNA398089_MT","SRR5949382","Healthy",209,2.93842728932738
"IBD.PRJNA398089_MT","SRR5949232","Healthy",132,2.46310645042647
"IBD.PRJNA398089_MT","SRR5949121","Healthy",91,1.96943465286866
"IBD.PRJNA398089_MT","SRR5949357","Healthy",113,3.0173598969268
"IBD.PRJNA398089_MT","SRR5949506","Healthy",110,2.56621146058236
"IBD.PRJNA398089_MT","SRR5949337","Healthy",91,2.57743675415553
"IBD.PRJNA398089_MT","SRR5950371","Healthy",114,2.54287777983795
"IBD.PRJNA398089_MT","SRR5950424","Healthy",77,1.83043550432778
"IBD.PRJNA398089_MT","SRR5950248","Healthy",91,1.53220273063551
"IBD.PRJNA398089_MT","SRR5950273","Healthy",111,2.06294315091644
"IBD.PRJNA398089_MT","SRR5950381","Healthy",86,1.54075435498134
"IBD.PRJNA398089_MT","SRR5950330","Healthy",87,1.59407379352684
"IBD.PRJNA398089_MT","SRR5950412","Healthy",102,1.77218742742028
"IBD.PRJNA398089_MT","SRR5950385","Healthy",81,1.83521562986387
"IBD.PRJNA398089_MT","SRR5949289","Healthy",45,1.0116926133164
"IBD.PRJNA398089_MT","SRR5949358","Healthy",79,1.92893615322322
"IBD.PRJNA398089_MT","SRR5949569","Healthy",96,2.27801012740899
"IBD.PRJNA398089_MT","SRR5949228","Healthy",86,2.50584734191464
"IBD.PRJNA398089_MT","SRR5950276","UC",172,1.70418495924903
"IBD.PRJNA398089_MT","SRR5950259","UC",217,2.0693711226012
"IBD.PRJNA398089_MT","SRR5950290","UC",74,0.193208428255343
"IBD.PRJNA398089_MT","SRR5950318","UC",224,1.05028266855074
"IBD.PRJNA398089_MT","SRR5950298","UC",162,1.76845236512344
"IBD.PRJNA398089_MT","SRR5950365","UC",174,2.03951434058827
"IBD.PRJNA398089_MT","SRR5950391","UC",130,1.5812688655195
"IBD.PRJNA398089_MT","SRR5950351","UC",173,1.18095353925888
"IBD.PRJNA398089_MT","SRR5950317","UC",170,2.79325316956413
"IBD.PRJNA398089_MT","SRR5950257","UC",197,3.31722637435597
"IBD.PRJNA398089_MT","SRR5950297","UC",175,1.89593895772891
"IBD.PRJNA398089_MT","SRR5950395","UC",209,3.32007823058503
"IBD.PRJNA398089_MT","SRR5950415","UC",147,1.78434132175265
"IBD.PRJNA398089_MT","SRR5950446","UC",187,2.70149465849627
"IBD.PRJNA398089_MT","SRR5950283","UC",140,1.10908926491982
"CRC.PRJEB27928_MG","ERR2726404","Healthy",371,4.38259120145282
"CRC.PRJEB27928_MG","ERR2726405","Healthy",393,4.266747177466
"CRC.PRJEB27928_MG","ERR2726406","Healthy",434,4.38651160129433
"CRC.PRJEB27928_MG","ERR2726407","Healthy",454,4.76486588064331
"CRC.PRJEB27928_MG","ERR2726408","Healthy",514,5.10905231524695
"CRC.PRJEB27928_MG","ERR2726409","Healthy",356,4.83560950053263
"CRC.PRJEB27928_MG","ERR2726410","CRC",283,4.517881458164
"CRC.PRJEB27928_MG","ERR2726411","CRC",362,4.56658570381455
"CRC.PRJEB27928_MG","ERR2726415","CRC",307,4.36190022585696
"CRC.PRJEB27928_MG","ERR2726419","Healthy",326,2.81267563838787
"CRC.PRJEB27928_MG","ERR2726420","Healthy",418,4.85382368925226
"CRC.PRJEB27928_MG","ERR2726421","Healthy",392,4.72722440135467
"CRC.PRJEB27928_MG","ERR2726422","Healthy",325,4.67581096105405
"CRC.PRJEB27928_MG","ERR2726423","CRC",420,4.7152094639113
"CRC.PRJEB27928_MG","ERR2726427","Healthy",390,4.70142053748108
"CRC.PRJEB27928_MG","ERR2726428","Healthy",312,4.64513640147849
"CRC.PRJEB27928_MG","ERR2726429","Healthy",487,4.50593395382783
"CRC.PRJEB27928_MG","ERR2726430","Healthy",468,4.23570635997407
"CRC.PRJEB27928_MG","ERR2726431","Healthy",459,4.63250060774347
"CRC.PRJEB27928_MG","ERR2726432","Healthy",514,4.99772123740096
"CRC.PRJEB27928_MG","ERR2726433","Healthy",509,4.26666617879361
"CRC.PRJEB27928_MG","ERR2726434","Healthy",403,5.11011914376019
"CRC.PRJEB27928_MG","ERR2726435","Healthy",469,4.63294858477378
"CRC.PRJEB27928_MG","ERR2726436","Healthy",429,4.4838958588991
"CRC.PRJEB27928_MG","ERR2726437","CRC",388,4.91014784479344
"CRC.PRJEB27928_MG","ERR2726441","Healthy",483,4.96187958420308
"CRC.PRJEB27928_MG","ERR2726442","Healthy",464,5.07708066247478
"CRC.PRJEB27928_MG","ERR2726443","Healthy",447,5.09681858498246
"CRC.PRJEB27928_MG","ERR2726444","Healthy",472,4.85943904214097
"CRC.PRJEB27928_MG","ERR2726445","Healthy",474,4.56173397597972
"CRC.PRJEB27928_MG","ERR2726446","Healthy",485,4.45017746033586
"CRC.PRJEB27928_MG","ERR2726447","Healthy",472,4.54693753147948
"CRC.PRJEB27928_MG","ERR2726448","CRC",367,3.61793498969391
"CRC.PRJEB27928_MG","ERR2726449","Healthy",437,4.84020207390253
"CRC.PRJEB27928_MG","ERR2726450","Healthy",401,4.55019386699298
"CRC.PRJEB27928_MG","ERR2726451","Healthy",487,4.93040695991963
"CRC.PRJEB27928_MG","ERR2726452","Healthy",473,4.78462805284709
"CRC.PRJEB27928_MG","ERR2726453","CRC",305,4.18559258836723
"CRC.PRJEB27928_MG","ERR2726457","Healthy",364,4.66008402612735
"CRC.PRJEB27928_MG","ERR2726458","Healthy",360,4.45637968803471
"CRC.PRJEB27928_MG","ERR2726459","Healthy",375,4.55691927801336
"CRC.PRJEB27928_MG","ERR2726460","Healthy",320,4.12610150017979
"CRC.PRJEB27928_MG","ERR2726461","Healthy",362,4.58745578995461
"CRC.PRJEB27928_MG","ERR2726462","Healthy",455,4.92270409465228
"CRC.PRJEB27928_MG","ERR2726463","CRC",347,4.81535017888168
"CRC.PRJEB27928_MG","ERR2726467","CRC",367,4.74644650569046
"CRC.PRJEB27928_MG","ERR2726471","Healthy",484,5.09414175863085
"CRC.PRJEB27928_MG","ERR2726472","Healthy",461,4.87129155939827
"CRC.PRJEB27928_MG","ERR2726473","Healthy",367,4.77327708159671
"CRC.PRJEB27928_MG","ERR2726474","Healthy",435,4.84608996320403
"CRC.PRJEB27928_MG","ERR2726475","Healthy",386,4.43653361093326
"CRC.PRJEB27928_MG","ERR2726476","CRC",365,4.54407823154261
"CRC.PRJEB27928_MG","ERR2726480","CRC",326,4.64083359826098
"CRC.PRJEB27928_MG","ERR2726484","CRC",318,4.62754563821075
"CRC.PRJEB27928_MG","ERR2726485","Healthy",453,4.95724558822048
"CRC.PRJEB27928_MG","ERR2726486","Healthy",539,4.43121468937888
"CRC.PRJEB27928_MG","ERR2726487","Healthy",378,4.94422555746086
"CRC.PRJEB27928_MG","ERR2726488","CRC",318,4.75225278903508
"CRC.PRJEB27928_MG","ERR2726489","CRC",277,4.33027085634594
"CRC.PRJEB27928_MG","ERR2726493","Healthy",241,4.13882749607274
"CRC.PRJEB27928_MG","ERR2726494","CRC",269,3.98741736011825
"CRC.PRJEB27928_MG","ERR2726498","Healthy",396,4.91716822135176
"CRC.PRJEB27928_MG","ERR2726499","Healthy",412,4.90483813485711
"CRC.PRJEB27928_MG","ERR2726500","Healthy",163,3.73936530380268
"CRC.PRJEB27928_MG","ERR2726501","CRC",346,4.10047370535614
"CRC.PRJEB27928_MG","ERR2726502","Healthy",454,4.66605993940665
"CRC.PRJEB27928_MG","ERR2726503","CRC",344,4.90402695524343
"CRC.PRJEB27928_MG","ERR2726504","Healthy",385,4.86163106433275
"CRC.PRJEB27928_MG","ERR2726505","Healthy",464,4.94308301965073
"CRC.PRJEB27928_MG","ERR2726506","Healthy",439,4.79644437337727
"CRC.PRJEB27928_MG","ERR2726507","CRC",327,4.41022282254106
"CRC.PRJEB27928_MG","ERR2726511","Healthy",446,4.72133727786918
"CRC.PRJEB27928_MG","ERR2726512","Healthy",486,4.7581950285332
"CRC.PRJEB27928_MG","ERR2726513","CRC",206,4.12049639210044
"CRC.PRJEB27928_MG","ERR2726517","Healthy",475,4.71086166786097
"CRC.PRJEB27928_MG","ERR2726518","CRC",271,4.51968075529322
"CRC.PRJEB27928_MG","ERR2726522","CRC",333,4.6127182225889
"CRC.PRJEB27928_MG","ERR2726526","Healthy",352,4.82432662204172
"CRC.PRJEB27928_MG","ERR2726527","CRC",347,4.71028861263202
"CRC.PRJEB27928_MG","ERR2726531","Healthy",427,4.73926000391131
"CRC.PRJEB27928_MG","ERR2726532","Healthy",335,4.49777550680412
"CRC.PRJEB27928_MG","ERR2726533","Healthy",438,4.70213674488497
